,Grad,Lon,Lat,TempSur,TempSur_celsius,TempSur_c,temp_at_f,pressure,CO2_dense,CO2_phase,geometry,index_right
0,28.5,-98.0,30.0,288.0,15.0,15.0,22.125,2525358.3181875004,52.89819496266307,5.0,POINT (-98 30),0.0
1,28.0,-98.1,30.0,288.0,15.0,15.0,22.0,2525358.3181875004,52.93546049545624,5.0,POINT (-98.09999999999999 30),0.0
2,27.3,-98.2,30.0,287.8,15.0,15.0,21.825,2525358.3181875004,52.98776072323329,5.0,POINT (-98.2 30),0.0
3,26.3,-98.3,30.0,287.4,14.0,14.0,20.575,2525358.3181875004,53.365765907247024,5.0,POINT (-98.3 30),0.0
4,26.5,-98.4,30.0,287.2,14.0,14.0,20.625,2525358.3181875004,53.350494186950876,5.0,POINT (-98.40000000000001 30),0.0
5,25.0,-98.5,30.0,287.5,14.0,14.0,20.25,2525358.3181875004,53.46534513027027,5.0,POINT (-98.5 30),0.0
6,22.4,-98.6,30.0,287.4,14.0,14.0,19.6,2525358.3181875004,53.666149770112085,5.0,POINT (-98.59999999999999 30),0.0
7,19.8,-98.7,30.0,287.1,14.0,14.0,18.95,2525358.3181875004,53.86918903278281,5.0,POINT (-98.7 30),0.0
8,17.2,-98.8,30.0,287.3,14.0,14.0,18.3,2525358.3181875004,54.07451198011198,5.0,POINT (-98.8 30),0.0
9,14.6,-98.9,30.0,287.1,14.0,14.0,17.65,2525358.3181875004,54.282169371686074,5.0,POINT (-98.90000000000001 30),0.0
10,12.0,-99.0,30.0,286.9,14.0,14.0,17.0,2525358.3181875004,54.492213746685124,5.0,POINT (-99 30),0.0
11,15.0,-99.1,30.0,287.2,14.0,14.0,17.75,2525358.3181875004,54.25006805128358,5.0,POINT (-99.09999999999999 30),0.0
12,17.7,-99.2,30.0,287.4,14.0,14.0,18.425,2525358.3181875004,54.03484708969125,5.0,POINT (-99.2 30),0.0
13,20.5,-99.3,30.0,287.5,14.0,14.0,19.125,2525358.3181875004,53.814302035342195,5.0,POINT (-99.3 30),0.0
14,22.9,-99.4,30.0,287.3,14.0,14.0,19.725,2525358.3181875004,53.62736143279515,5.0,POINT (-99.40000000000001 30),0.0
15,24.5,-99.5,30.0,286.9,14.0,14.0,20.125,2525358.3181875004,53.50379010239083,5.0,POINT (-99.5 30),0.0
16,25.5,-99.6,30.0,286.5,13.0,13.0,19.375,2525358.3181875004,53.7361772526247,5.0,POINT (-99.59999999999999 30),0.0
17,22.0,-99.7,30.0,286.7,14.0,14.0,19.5,2525358.3181875004,53.69723992180827,5.0,POINT (-99.7 30),0.0
18,22.5,-99.8,30.0,287.0,14.0,14.0,19.625,2525358.3181875004,53.65838550269664,5.0,POINT (-99.8 30),0.0
19,23.0,-99.9,30.0,287.7,15.0,15.0,20.75,2525358.3181875004,53.31237076810858,5.0,POINT (-99.90000000000001 30),0.0
20,29.0,-100.0,30.0,287.9,15.0,15.0,22.25,2525358.3181875004,52.861005563625675,5.0,POINT (-100 30),0.0
21,26.0,-100.1,30.0,287.6,14.0,14.0,20.5,2525358.3181875004,53.38869750221861,5.0,POINT (-100.1 30),0.0
22,20.0,-100.2,30.0,287.2,14.0,14.0,19.0,2525358.3181875004,53.853490185876666,5.0,POINT (-100.2 30),0.0
23,27.0,-100.3,30.0,287.3,14.0,14.0,20.75,2525358.3181875004,53.31237076810858,5.0,POINT (-100.3 30),0.0
24,37.0,-100.4,30.0,287.5,14.0,14.0,23.25,2525358.3181875004,52.56619543999004,5.0,POINT (-100.4 30),0.0
25,34.0,-100.5,30.0,288.1,15.0,15.0,23.5,2525358.3181875004,52.4932335922604,5.0,POINT (-100.5 30),0.0
26,34.0,-100.6,30.0,288.3,15.0,15.0,23.5,2525358.3181875004,52.4932335922604,5.0,POINT (-100.6 30),0.0
27,34.0,-100.7,30.0,288.9,16.0,16.0,24.5,2525358.3181875004,52.20428071803998,5.0,POINT (-100.7 30),0.0
28,28.0,-100.8,30.0,289.2,16.0,16.0,23.0,2525358.3181875004,52.639451245873275,5.0,POINT (-100.8 30),0.0
29,30.0,-100.9,30.0,289.4,16.0,16.0,23.5,2525358.3181875004,52.4932335922604,5.0,POINT (-100.9 30),0.0
30,33.0,-101.0,30.0,289.8,17.0,17.0,25.25,2525358.3181875004,51.99054387950113,5.0,POINT (-101 30),0.0
31,29.0,-98.0,30.1,287.7,15.0,15.0,22.25,2525358.3181875004,52.861005563625675,5.0,POINT (-98 30.1),0.0
32,28.5,-98.1,30.1,287.9,15.0,15.0,22.125,2525358.3181875004,52.89819496266307,5.0,POINT (-98.09999999999999 30.1),0.0
33,28.0,-98.2,30.1,287.8,15.0,15.0,22.0,2525358.3181875004,52.93546049545624,5.0,POINT (-98.2 30.1),0.0
34,27.0,-98.3,30.1,287.5,14.0,14.0,20.75,2525358.3181875004,53.31237076810858,5.0,POINT (-98.3 30.1),0.0
35,26.0,-98.4,30.1,287.1,14.0,14.0,20.5,2525358.3181875004,53.38869750221861,5.0,POINT (-98.40000000000001 30.1),0.0
36,24.4,-98.5,30.1,287.1,14.0,14.0,20.1,2525358.3181875004,53.51148883194307,5.0,POINT (-98.5 30.1),0.0
37,22.8,-98.6,30.1,287.2,14.0,14.0,19.7,2525358.3181875004,53.6351125057773,5.0,POINT (-98.59999999999999 30.1),0.0
38,21.1,-98.7,30.1,287.3,14.0,14.0,19.275,2525358.3181875004,53.76738704609465,5.0,POINT (-98.7 30.1),0.0
39,19.5,-98.8,30.1,287.3,14.0,14.0,18.875,2525358.3181875004,53.89276264542369,5.0,POINT (-98.8 30.1),0.0
40,17.9,-98.9,30.1,287.1,14.0,14.0,18.475,2525358.3181875004,54.01900522322577,5.0,POINT (-98.90000000000001 30.1),0.0
41,16.3,-99.0,30.1,287.1,14.0,14.0,18.075,2525358.3181875004,54.146126576200786,5.0,POINT (-99 30.1),0.0
42,15.7,-99.1,30.1,287.3,14.0,14.0,17.925,2525358.3181875004,54.19402609373883,5.0,POINT (-99.09999999999999 30.1),0.0
43,19.0,-99.2,30.1,287.1,14.0,14.0,18.75,2525358.3181875004,53.932119769040355,5.0,POINT (-99.2 30.1),0.0
44,21.7,-99.3,30.1,287.0,14.0,14.0,19.425,2525358.3181875004,53.720592348804246,5.0,POINT (-99.3 30.1),0.0
45,23.7,-99.4,30.1,286.9,14.0,14.0,19.925,2525358.3181875004,53.56547112452294,5.0,POINT (-99.40000000000001 30.1),0.0
46,25.4,-99.5,30.1,286.5,13.0,13.0,19.35,2525358.3181875004,53.74397469859491,5.0,POINT (-99.5 30.1),0.0
47,27.0,-99.6,30.1,286.5,13.0,13.0,19.75,2525358.3181875004,53.61961365159163,5.0,POINT (-99.59999999999999 30.1),0.0
48,21.5,-99.7,30.1,286.9,14.0,14.0,19.375,2525358.3181875004,53.7361772526247,5.0,POINT (-99.7 30.1),0.0
49,23.0,-99.8,30.1,286.9,14.0,14.0,19.75,2525358.3181875004,53.61961365159163,5.0,POINT (-99.8 30.1),0.0
50,23.5,-99.9,30.1,287.4,14.0,14.0,19.875,2525358.3181875004,53.58092402700658,5.0,POINT (-99.90000000000001 30.1),0.0
51,24.0,-100.0,30.1,287.5,14.0,14.0,20.0,2525358.3181875004,53.5423162896469,5.0,POINT (-100 30.1),0.0
52,24.3,-100.1,30.1,287.4,14.0,14.0,20.075,2525358.3181875004,53.519190812766794,5.0,POINT (-100.1 30.1),0.0
53,21.5,-100.2,30.1,287.2,14.0,14.0,19.375,2525358.3181875004,53.7361772526247,5.0,POINT (-100.2 30.1),0.0
54,26.0,-100.3,30.1,287.4,14.0,14.0,20.5,2525358.3181875004,53.38869750221861,5.0,POINT (-100.3 30.1),0.0
55,33.0,-100.4,30.1,287.6,14.0,14.0,22.25,2525358.3181875004,52.861005563625675,5.0,POINT (-100.4 30.1),0.0
56,32.5,-100.5,30.1,287.8,15.0,15.0,23.125,2525358.3181875004,52.60278645499906,5.0,POINT (-100.5 30.1),0.0
57,32.0,-100.6,30.1,288.1,15.0,15.0,23.0,2525358.3181875004,52.639451245873275,5.0,POINT (-100.6 30.1),0.0
58,35.0,-100.7,30.1,288.5,15.0,15.0,23.75,2525358.3181875004,52.420563429225254,5.0,POINT (-100.7 30.1),0.0
59,36.0,-100.8,30.1,288.7,16.0,16.0,25.0,2525358.3181875004,52.061510188118795,5.0,POINT (-100.8 30.1),0.0
60,30.0,-100.9,30.1,289.0,16.0,16.0,23.5,2525358.3181875004,52.4932335922604,5.0,POINT (-100.9 30.1),0.0
61,36.0,-101.0,30.1,289.4,16.0,16.0,25.0,2525358.3181875004,52.061510188118795,5.0,POINT (-101 30.1),0.0
62,28.0,-98.0,30.2,288.0,15.0,15.0,22.0,2525358.3181875004,52.93546049545624,5.0,POINT (-98 30.2),0.0
63,27.5,-98.1,30.2,287.7,15.0,15.0,21.875,2525358.3181875004,52.97280246494648,5.0,POINT (-98.09999999999999 30.2),0.0
64,26.8,-98.2,30.2,288.1,15.0,15.0,21.7,2525358.3181875004,53.02521021661427,5.0,POINT (-98.2 30.2),0.0
65,25.8,-98.3,30.2,288.1,15.0,15.0,21.45,2525358.3181875004,53.1003410270714,5.0,POINT (-98.3 30.2),0.0
66,25.6,-98.4,30.2,288.0,15.0,15.0,21.4,2525358.3181875004,53.11540444962534,5.0,POINT (-98.40000000000001 30.2),0.0
67,25.6,-98.5,30.2,287.6,14.0,14.0,20.4,2525358.3181875004,53.41931789922437,5.0,POINT (-98.5 30.2),0.0
68,26.0,-98.6,30.2,287.2,14.0,14.0,20.5,2525358.3181875004,53.38869750221861,5.0,POINT (-98.59999999999999 30.2),0.0
69,25.4,-98.7,30.2,287.0,14.0,14.0,20.35,2525358.3181875004,53.434647403736136,5.0,POINT (-98.7 30.2),0.0
70,23.8,-98.8,30.2,286.9,14.0,14.0,19.95,2525358.3181875004,53.55774957974797,5.0,POINT (-98.8 30.2),0.0
71,22.2,-98.9,30.2,286.8,14.0,14.0,19.55,2525358.3181875004,53.68168822405588,5.0,POINT (-98.90000000000001 30.2),0.0
72,20.6,-99.0,30.2,286.5,13.0,13.0,18.15,2525358.3181875004,54.12222383358031,5.0,POINT (-99 30.2),0.0
73,19.0,-99.1,30.2,286.7,14.0,14.0,18.75,2525358.3181875004,53.932119769040355,5.0,POINT (-99.09999999999999 30.2),0.0
74,19.4,-99.2,30.2,286.7,14.0,14.0,18.85,2525358.3181875004,53.900627285618654,5.0,POINT (-99.2 30.2),0.0
75,23.0,-99.3,30.2,286.5,13.0,13.0,18.75,2525358.3181875004,53.932119769040355,5.0,POINT (-99.3 30.2),0.0
76,23.3,-99.4,30.2,286.1,13.0,13.0,18.825,2525358.3181875004,53.90849531522062,5.0,POINT (-99.40000000000001 30.2),0.0
77,23.6,-99.5,30.2,286.3,13.0,13.0,18.9,2525358.3181875004,53.884901391784005,5.0,POINT (-99.5 30.2),0.0
78,23.9,-99.6,30.2,286.9,14.0,14.0,19.975,2525358.3181875004,53.55003130235378,5.0,POINT (-99.59999999999999 30.2),0.0
79,21.0,-99.7,30.2,287.0,14.0,14.0,19.25,2525358.3181875004,53.77519784107568,5.0,POINT (-99.7 30.2),0.0
80,23.0,-99.8,30.2,287.4,14.0,14.0,19.75,2525358.3181875004,53.61961365159163,5.0,POINT (-99.8 30.2),0.0
81,25.5,-99.9,30.2,287.5,14.0,14.0,20.375,2525358.3181875004,53.42698104045191,5.0,POINT (-99.90000000000001 30.2),0.0
82,28.0,-100.0,30.2,287.6,14.0,14.0,21.0,2525358.3181875004,53.236362323828715,5.0,POINT (-100 30.2),0.0
83,25.5,-100.1,30.2,287.3,14.0,14.0,20.375,2525358.3181875004,53.42698104045191,5.0,POINT (-100.1 30.2),0.0
84,23.0,-100.2,30.2,287.2,14.0,14.0,19.75,2525358.3181875004,53.61961365159163,5.0,POINT (-100.2 30.2),0.0
85,27.0,-100.3,30.2,287.2,14.0,14.0,20.75,2525358.3181875004,53.31237076810858,5.0,POINT (-100.3 30.2),0.0
86,28.0,-100.4,30.2,286.9,14.0,14.0,21.0,2525358.3181875004,53.236362323828715,5.0,POINT (-100.4 30.2),0.0
87,32.0,-100.5,30.2,287.2,14.0,14.0,22.0,2525358.3181875004,52.93546049545624,5.0,POINT (-100.5 30.2),0.0
88,31.0,-100.6,30.2,287.7,15.0,15.0,22.75,2525358.3181875004,52.71300331095601,5.0,POINT (-100.6 30.2),0.0
89,34.0,-100.7,30.2,288.0,15.0,15.0,23.5,2525358.3181875004,52.4932335922604,5.0,POINT (-100.7 30.2),0.0
90,34.0,-100.8,30.2,288.3,15.0,15.0,23.5,2525358.3181875004,52.4932335922604,5.0,POINT (-100.8 30.2),0.0
91,33.0,-100.9,30.2,288.5,15.0,15.0,23.25,2525358.3181875004,52.56619543999004,5.0,POINT (-100.9 30.2),0.0
92,31.0,-101.0,30.2,288.6,15.0,15.0,22.75,2525358.3181875004,52.71300331095601,5.0,POINT (-101 30.2),0.0
93,27.0,-98.0,30.3,288.4,15.0,15.0,21.75,2525358.3181875004,53.0102211759503,5.0,POINT (-98 30.3),0.0
94,26.5,-98.1,30.3,288.5,15.0,15.0,21.625,2525358.3181875004,53.04771693517545,5.0,POINT (-98.09999999999999 30.3),0.0
95,25.5,-98.2,30.3,288.4,15.0,15.0,21.375,2525358.3181875004,53.12294083467366,5.0,POINT (-98.2 30.3),0.0
96,25.3,-98.3,30.3,288.0,15.0,15.0,21.325,2525358.3181875004,53.13802296484313,5.0,POINT (-98.3 30.3),0.0
97,25.1,-98.4,30.3,287.8,15.0,15.0,21.275,2525358.3181875004,53.15311759185353,5.0,POINT (-98.40000000000001 30.3),0.0
98,25.0,-98.5,30.3,287.6,14.0,14.0,20.25,2525358.3181875004,53.46534513027027,5.0,POINT (-98.5 30.3),0.0
99,25.2,-98.6,30.3,287.3,14.0,14.0,20.3,2525358.3181875004,53.44998980703401,5.0,POINT (-98.59999999999999 30.3),0.0
100,25.6,-98.7,30.3,287.0,14.0,14.0,20.4,2525358.3181875004,53.41931789922437,5.0,POINT (-98.7 30.3),0.0
101,26.1,-98.8,30.3,286.6,13.0,13.0,19.525,2525358.3181875004,53.6894624160799,5.0,POINT (-98.8 30.3),0.0
102,26.5,-98.9,30.3,286.8,14.0,14.0,20.625,2525358.3181875004,53.350494186950876,5.0,POINT (-98.90000000000001 30.3),0.0
103,24.9,-99.0,30.3,286.6,13.0,13.0,19.225,2525358.3181875004,53.78301198028212,5.0,POINT (-99 30.3),0.0
104,23.3,-99.1,30.3,286.4,13.0,13.0,18.825,2525358.3181875004,53.90849531522062,5.0,POINT (-99.09999999999999 30.3),0.0
105,21.6,-99.2,30.3,286.3,13.0,13.0,18.4,2525358.3181875004,54.04277317915932,5.0,POINT (-99.2 30.3),0.0
106,23.1,-99.3,30.3,286.6,13.0,13.0,18.775,2525358.3181875004,53.92424155407045,5.0,POINT (-99.3 30.3),0.0
107,23.7,-99.4,30.3,286.6,13.0,13.0,18.925,2525358.3181875004,53.877043521851775,5.0,POINT (-99.40000000000001 30.3),0.0
108,22.8,-99.5,30.3,286.9,14.0,14.0,19.7,2525358.3181875004,53.6351125057773,5.0,POINT (-99.5 30.3),0.0
109,21.9,-99.6,30.3,287.2,14.0,14.0,19.475,2525358.3181875004,53.705020743997665,5.0,POINT (-99.59999999999999 30.3),0.0
110,21.0,-99.7,30.3,287.1,14.0,14.0,19.25,2525358.3181875004,53.77519784107568,5.0,POINT (-99.7 30.3),0.0
111,28.5,-99.8,30.3,287.5,14.0,14.0,21.125,2525358.3181875004,53.198476655546386,5.0,POINT (-99.8 30.3),0.0
112,24.0,-99.9,30.3,287.6,14.0,14.0,20.0,2525358.3181875004,53.5423162896469,5.0,POINT (-99.90000000000001 30.3),0.0
113,25.0,-100.0,30.3,287.4,14.0,14.0,20.25,2525358.3181875004,53.46534513027027,5.0,POINT (-100 30.3),0.0
114,24.5,-100.1,30.3,287.0,14.0,14.0,20.125,2525358.3181875004,53.50379010239083,5.0,POINT (-100.1 30.3),0.0
115,24.0,-100.2,30.3,286.8,14.0,14.0,20.0,2525358.3181875004,53.5423162896469,5.0,POINT (-100.2 30.3),0.0
116,26.0,-100.3,30.3,286.7,14.0,14.0,20.5,2525358.3181875004,53.38869750221861,5.0,POINT (-100.3 30.3),0.0
117,31.0,-100.4,30.3,286.7,14.0,14.0,21.75,2525358.3181875004,53.0102211759503,5.0,POINT (-100.4 30.3),0.0
118,32.0,-100.5,30.3,287.0,14.0,14.0,22.0,2525358.3181875004,52.93546049545624,5.0,POINT (-100.5 30.3),0.0
119,33.0,-100.6,30.3,287.4,14.0,14.0,22.25,2525358.3181875004,52.861005563625675,5.0,POINT (-100.6 30.3),0.0
120,24.0,-100.7,30.3,287.9,15.0,15.0,21.0,2525358.3181875004,53.236362323828715,5.0,POINT (-100.7 30.3),0.0
121,33.0,-100.8,30.3,288.1,15.0,15.0,23.25,2525358.3181875004,52.56619543999004,5.0,POINT (-100.8 30.3),0.0
122,36.0,-100.9,30.3,288.4,15.0,15.0,24.0,2525358.3181875004,52.348182704558745,5.0,POINT (-100.9 30.3),0.0
123,35.0,-101.0,30.3,288.0,15.0,15.0,23.75,2525358.3181875004,52.420563429225254,5.0,POINT (-101 30.3),0.0
124,26.0,-98.0,30.4,289.6,16.0,16.0,22.5,2525358.3181875004,52.78685396433388,5.0,POINT (-98 30.4),0.0
125,25.3,-98.1,30.4,288.7,16.0,16.0,22.325,2525358.3181875004,52.83872834307904,5.0,POINT (-98.09999999999999 30.4),0.0
126,25.1,-98.2,30.4,288.1,15.0,15.0,21.275,2525358.3181875004,53.15311759185353,5.0,POINT (-98.2 30.4),0.0
127,24.9,-98.3,30.4,287.8,15.0,15.0,21.225,2525358.3181875004,53.1682247358412,5.0,POINT (-98.3 30.4),0.0
128,24.7,-98.4,30.4,287.7,15.0,15.0,21.175,2525358.3181875004,53.18334441699301,5.0,POINT (-98.40000000000001 30.4),0.0
129,24.6,-98.5,30.4,287.8,15.0,15.0,21.15,2525358.3181875004,53.190908965327694,5.0,POINT (-98.5 30.4),0.0
130,24.4,-98.6,30.4,288.1,15.0,15.0,21.1,2525358.3181875004,53.20604749018672,5.0,POINT (-98.59999999999999 30.4),0.0
131,24.7,-98.7,30.4,287.7,15.0,15.0,21.175,2525358.3181875004,53.18334441699301,5.0,POINT (-98.7 30.4),0.0
132,25.2,-98.8,30.4,287.6,14.0,14.0,20.3,2525358.3181875004,53.44998980703401,5.0,POINT (-98.8 30.4),0.0
133,25.6,-98.9,30.4,287.1,14.0,14.0,20.4,2525358.3181875004,53.41931789922437,5.0,POINT (-98.90000000000001 30.4),0.0
134,26.1,-99.0,30.4,287.2,14.0,14.0,20.525,2525358.3181875004,53.38105043180695,5.0,POINT (-99 30.4),0.0
135,26.5,-99.1,30.4,287.4,14.0,14.0,20.625,2525358.3181875004,53.350494186950876,5.0,POINT (-99.09999999999999 30.4),0.0
136,25.9,-99.2,30.4,287.2,14.0,14.0,20.475,2525358.3181875004,53.39634778154225,5.0,POINT (-99.2 30.4),0.0
137,24.3,-99.3,30.4,287.4,14.0,14.0,20.075,2525358.3181875004,53.519190812766794,5.0,POINT (-99.3 30.4),0.0
138,25.4,-99.4,30.4,287.5,14.0,14.0,20.35,2525358.3181875004,53.434647403736136,5.0,POINT (-99.40000000000001 30.4),0.0
139,24.5,-99.5,30.4,287.4,14.0,14.0,20.125,2525358.3181875004,53.50379010239083,5.0,POINT (-99.5 30.4),0.0
140,23.5,-99.6,30.4,287.6,14.0,14.0,19.875,2525358.3181875004,53.58092402700658,5.0,POINT (-99.59999999999999 30.4),0.0
141,22.5,-99.7,30.4,287.7,15.0,15.0,20.625,2525358.3181875004,53.350494186950876,5.0,POINT (-99.7 30.4),0.0
142,34.0,-99.8,30.4,288.0,15.0,15.0,23.5,2525358.3181875004,52.4932335922604,5.0,POINT (-99.8 30.4),0.0
143,23.5,-99.9,30.4,287.4,14.0,14.0,19.875,2525358.3181875004,53.58092402700658,5.0,POINT (-99.90000000000001 30.4),0.0
144,23.0,-100.0,30.4,287.4,14.0,14.0,19.75,2525358.3181875004,53.61961365159163,5.0,POINT (-100 30.4),0.0
145,23.0,-100.1,30.4,287.3,14.0,14.0,19.75,2525358.3181875004,53.61961365159163,5.0,POINT (-100.1 30.4),0.0
146,35.0,-100.2,30.4,287.3,14.0,14.0,22.75,2525358.3181875004,52.71300331095601,5.0,POINT (-100.2 30.4),0.0
147,29.0,-100.3,30.4,287.2,14.0,14.0,21.25,2525358.3181875004,53.16066959796472,5.0,POINT (-100.3 30.4),0.0
148,28.0,-100.4,30.4,286.9,14.0,14.0,21.0,2525358.3181875004,53.236362323828715,5.0,POINT (-100.4 30.4),0.0
149,36.0,-100.5,30.4,287.0,14.0,14.0,23.0,2525358.3181875004,52.639451245873275,5.0,POINT (-100.5 30.4),0.0
150,35.0,-100.6,30.4,287.4,14.0,14.0,22.75,2525358.3181875004,52.71300331095601,5.0,POINT (-100.6 30.4),0.0
151,36.0,-100.7,30.4,287.7,15.0,15.0,24.0,2525358.3181875004,52.348182704558745,5.0,POINT (-100.7 30.4),0.0
152,36.0,-100.8,30.4,287.5,14.0,14.0,23.0,2525358.3181875004,52.639451245873275,5.0,POINT (-100.8 30.4),0.0
153,35.0,-100.9,30.4,288.0,15.0,15.0,23.75,2525358.3181875004,52.420563429225254,5.0,POINT (-100.9 30.4),0.0
154,35.0,-101.0,30.4,287.8,15.0,15.0,23.75,2525358.3181875004,52.420563429225254,5.0,POINT (-101 30.4),0.0
155,25.0,-98.0,30.5,289.1,16.0,16.0,22.25,2525358.3181875004,52.861005563625675,5.0,POINT (-98 30.5),0.0
156,24.8,-98.1,30.5,288.9,16.0,16.0,22.2,2525358.3181875004,52.87587220650068,5.0,POINT (-98.09999999999999 30.5),0.0
157,24.6,-98.2,30.5,288.3,15.0,15.0,21.15,2525358.3181875004,53.190908965327694,5.0,POINT (-98.2 30.5),0.0
158,24.5,-98.3,30.5,288.5,15.0,15.0,21.125,2525358.3181875004,53.198476655546386,5.0,POINT (-98.3 30.5),0.0
159,24.3,-98.4,30.5,288.7,16.0,16.0,22.075,2525358.3181875004,52.91309202280679,5.0,POINT (-98.40000000000001 30.5),0.0
160,24.1,-98.5,30.5,288.6,15.0,15.0,21.025,2525358.3181875004,53.22877888606178,5.0,POINT (-98.5 30.5),0.0
161,24.0,-98.6,30.5,288.6,15.0,15.0,21.0,2525358.3181875004,53.236362323828715,5.0,POINT (-98.59999999999999 30.5),0.0
162,23.9,-98.7,30.5,288.7,16.0,16.0,21.975,2525358.3181875004,52.9429227646915,5.0,POINT (-98.7 30.5),0.0
163,24.3,-98.8,30.5,288.5,15.0,15.0,21.075,2525358.3181875004,53.21362147178958,5.0,POINT (-98.8 30.5),0.0
164,24.8,-98.9,30.5,288.5,15.0,15.0,21.2,2525358.3181875004,53.17578300800796,5.0,POINT (-98.90000000000001 30.5),0.0
165,25.2,-99.0,30.5,288.3,15.0,15.0,21.3,2525358.3181875004,53.14556871498588,5.0,POINT (-99 30.5),0.0
166,25.7,-99.1,30.5,288.0,15.0,15.0,21.425,2525358.3181875004,53.10787118125893,5.0,POINT (-99.09999999999999 30.5),0.0
167,26.1,-99.2,30.5,288.0,15.0,15.0,21.525,2525358.3181875004,53.077769224599685,5.0,POINT (-99.2 30.5),0.0
168,26.6,-99.3,30.5,288.2,15.0,15.0,21.65,2525358.3181875004,53.04021160468679,5.0,POINT (-99.3 30.5),0.0
169,27.0,-99.4,30.5,287.7,15.0,15.0,21.75,2525358.3181875004,53.0102211759503,5.0,POINT (-99.40000000000001 30.5),0.0
170,26.0,-99.5,30.5,287.8,15.0,15.0,21.5,2525358.3181875004,53.0852900512369,5.0,POINT (-99.5 30.5),0.0
171,25.0,-99.6,30.5,288.3,15.0,15.0,21.25,2525358.3181875004,53.16066959796472,5.0,POINT (-99.59999999999999 30.5),0.0
172,24.0,-99.7,30.5,287.7,15.0,15.0,21.0,2525358.3181875004,53.236362323828715,5.0,POINT (-99.7 30.5),0.0
173,23.0,-99.8,30.5,287.6,14.0,14.0,19.75,2525358.3181875004,53.61961365159163,5.0,POINT (-99.8 30.5),0.0
174,23.0,-99.9,30.5,287.4,14.0,14.0,19.75,2525358.3181875004,53.61961365159163,5.0,POINT (-99.90000000000001 30.5),0.0
175,21.0,-100.0,30.5,287.2,14.0,14.0,19.25,2525358.3181875004,53.77519784107568,5.0,POINT (-100 30.5),0.0
176,25.0,-100.1,30.5,287.2,14.0,14.0,20.25,2525358.3181875004,53.46534513027027,5.0,POINT (-100.1 30.5),0.0
177,25.0,-100.2,30.5,287.2,14.0,14.0,20.25,2525358.3181875004,53.46534513027027,5.0,POINT (-100.2 30.5),0.0
178,25.0,-100.3,30.5,287.0,14.0,14.0,20.25,2525358.3181875004,53.46534513027027,5.0,POINT (-100.3 30.5),0.0
179,27.0,-100.4,30.5,286.7,14.0,14.0,20.75,2525358.3181875004,53.31237076810858,5.0,POINT (-100.4 30.5),0.0
180,29.0,-100.5,30.5,286.5,13.0,13.0,20.25,2525358.3181875004,53.46534513027027,5.0,POINT (-100.5 30.5),0.0
181,36.0,-100.6,30.5,287.2,14.0,14.0,23.0,2525358.3181875004,52.639451245873275,5.0,POINT (-100.6 30.5),0.0
182,39.0,-100.7,30.5,287.2,14.0,14.0,23.75,2525358.3181875004,52.420563429225254,5.0,POINT (-100.7 30.5),0.0
183,36.0,-100.8,30.5,287.1,14.0,14.0,23.0,2525358.3181875004,52.639451245873275,5.0,POINT (-100.8 30.5),0.0
184,34.0,-100.9,30.5,287.6,14.0,14.0,22.5,2525358.3181875004,52.78685396433388,5.0,POINT (-100.9 30.5),0.0
185,35.0,-101.0,30.5,287.7,15.0,15.0,23.75,2525358.3181875004,52.420563429225254,5.0,POINT (-101 30.5),0.0
186,24.4,-98.0,30.6,288.2,15.0,15.0,21.1,2525358.3181875004,53.20604749018672,5.0,POINT (-98 30.6),0.0
187,24.4,-98.1,30.6,288.5,15.0,15.0,21.1,2525358.3181875004,53.20604749018672,5.0,POINT (-98.09999999999999 30.6),0.0
188,24.2,-98.2,30.6,288.7,16.0,16.0,22.05,2525358.3181875004,52.92054512694187,5.0,POINT (-98.2 30.6),0.0
189,24.0,-98.3,30.6,288.4,15.0,15.0,21.0,2525358.3181875004,53.236362323828715,5.0,POINT (-98.3 30.6),0.0
190,23.9,-98.4,30.6,288.9,16.0,16.0,21.975,2525358.3181875004,52.9429227646915,5.0,POINT (-98.40000000000001 30.6),0.0
191,23.7,-98.5,30.6,288.2,15.0,15.0,20.925,2525358.3181875004,53.25913159030603,5.0,POINT (-98.5 30.6),0.0
192,23.5,-98.6,30.6,288.7,16.0,16.0,21.875,2525358.3181875004,52.97280246494648,5.0,POINT (-98.59999999999999 30.6),0.0
193,23.4,-98.7,30.6,288.5,15.0,15.0,20.85,2525358.3181875004,53.28192934034254,5.0,POINT (-98.7 30.6),0.0
194,23.4,-98.8,30.6,288.2,15.0,15.0,20.85,2525358.3181875004,53.28192934034254,5.0,POINT (-98.8 30.6),0.0
195,23.9,-98.9,30.6,288.4,15.0,15.0,20.975,2525358.3181875004,53.24394891875333,5.0,POINT (-98.90000000000001 30.6),0.0
196,24.3,-99.0,30.6,287.9,15.0,15.0,21.075,2525358.3181875004,53.21362147178958,5.0,POINT (-99 30.6),0.0
197,24.8,-99.1,30.6,287.8,15.0,15.0,21.2,2525358.3181875004,53.17578300800796,5.0,POINT (-99.09999999999999 30.6),0.0
198,25.2,-99.2,30.6,288.1,15.0,15.0,21.3,2525358.3181875004,53.14556871498588,5.0,POINT (-99.2 30.6),0.0
199,25.7,-99.3,30.6,288.2,15.0,15.0,21.425,2525358.3181875004,53.10787118125893,5.0,POINT (-99.3 30.6),0.0
200,26.3,-99.4,30.6,287.9,15.0,15.0,21.575,2525358.3181875004,53.06273688143274,5.0,POINT (-99.40000000000001 30.6),0.0
201,30.2,-99.5,30.6,288.1,15.0,15.0,22.55,2525358.3181875004,52.77205983384359,5.0,POINT (-99.5 30.6),0.0
202,29.5,-99.6,30.6,287.7,15.0,15.0,22.375,2525358.3181875004,52.82389199726205,5.0,POINT (-99.59999999999999 30.6),0.0
203,28.5,-99.7,30.6,287.4,14.0,14.0,21.125,2525358.3181875004,53.198476655546386,5.0,POINT (-99.7 30.6),0.0
204,28.0,-99.8,30.6,287.2,14.0,14.0,21.0,2525358.3181875004,53.236362323828715,5.0,POINT (-99.8 30.6),0.0
205,26.0,-99.9,30.6,287.0,14.0,14.0,20.5,2525358.3181875004,53.38869750221861,5.0,POINT (-99.90000000000001 30.6),0.0
206,27.0,-100.0,30.6,286.9,14.0,14.0,20.75,2525358.3181875004,53.31237076810858,5.0,POINT (-100 30.6),0.0
207,23.0,-100.1,30.6,286.8,14.0,14.0,19.75,2525358.3181875004,53.61961365159163,5.0,POINT (-100.1 30.6),0.0
208,20.0,-100.2,30.6,287.0,14.0,14.0,19.0,2525358.3181875004,53.853490185876666,5.0,POINT (-100.2 30.6),0.0
209,29.0,-100.3,30.6,286.7,14.0,14.0,21.25,2525358.3181875004,53.16066959796472,5.0,POINT (-100.3 30.6),0.0
210,26.0,-100.4,30.6,286.2,13.0,13.0,19.5,2525358.3181875004,53.69723992180827,5.0,POINT (-100.4 30.6),0.0
211,24.0,-100.5,30.6,286.1,13.0,13.0,19.0,2525358.3181875004,53.853490185876666,5.0,POINT (-100.5 30.6),0.0
212,35.0,-100.6,30.6,287.0,14.0,14.0,22.75,2525358.3181875004,52.71300331095601,5.0,POINT (-100.6 30.6),0.0
213,36.0,-100.7,30.6,287.2,14.0,14.0,23.0,2525358.3181875004,52.639451245873275,5.0,POINT (-100.7 30.6),0.0
214,36.0,-100.8,30.6,287.0,14.0,14.0,23.0,2525358.3181875004,52.639451245873275,5.0,POINT (-100.8 30.6),0.0
215,34.0,-100.9,30.6,287.2,14.0,14.0,22.5,2525358.3181875004,52.78685396433388,5.0,POINT (-100.9 30.6),0.0
216,36.0,-101.0,30.6,287.0,14.0,14.0,23.0,2525358.3181875004,52.639451245873275,5.0,POINT (-101 30.6),0.0
217,23.8,-98.0,30.7,287.5,14.0,14.0,19.95,2525358.3181875004,53.55774957974797,5.0,POINT (-98 30.7),0.0
218,24.0,-98.1,30.7,287.6,14.0,14.0,20.0,2525358.3181875004,53.5423162896469,5.0,POINT (-98.09999999999999 30.7),0.0
219,23.8,-98.2,30.7,288.1,15.0,15.0,20.95,2525358.3181875004,53.25153867339245,5.0,POINT (-98.2 30.7),0.0
220,23.6,-98.3,30.7,288.3,15.0,15.0,20.9,2525358.3181875004,53.26672767205738,5.0,POINT (-98.3 30.7),0.0
221,23.4,-98.4,30.7,289.2,16.0,16.0,21.85,2525358.3181875004,52.980280058038836,5.0,POINT (-98.40000000000001 30.7),0.0
222,23.3,-98.5,30.7,288.3,15.0,15.0,20.825,2525358.3181875004,53.28953493201907,5.0,POINT (-98.5 30.7),0.0
223,23.1,-98.6,30.7,288.5,15.0,15.0,20.775,2525358.3181875004,53.30475564332098,5.0,POINT (-98.59999999999999 30.7),0.0
224,22.9,-98.7,30.7,288.1,15.0,15.0,20.725,2525358.3181875004,53.31998907576754,5.0,POINT (-98.7 30.7),0.0
225,22.8,-98.8,30.7,287.9,15.0,15.0,20.7,2525358.3181875004,53.32761056888706,5.0,POINT (-98.8 30.7),0.0
226,23.0,-98.9,30.7,287.5,14.0,14.0,19.75,2525358.3181875004,53.61961365159163,5.0,POINT (-98.90000000000001 30.7),0.0
227,23.5,-99.0,30.7,287.2,14.0,14.0,19.875,2525358.3181875004,53.58092402700658,5.0,POINT (-99 30.7),0.0
228,23.9,-99.1,30.7,286.8,14.0,14.0,19.975,2525358.3181875004,53.55003130235378,5.0,POINT (-99.09999999999999 30.7),0.0
229,24.4,-99.2,30.7,287.0,14.0,14.0,20.1,2525358.3181875004,53.51148883194307,5.0,POINT (-99.2 30.7),0.0
230,24.8,-99.3,30.7,287.7,15.0,15.0,21.2,2525358.3181875004,53.17578300800796,5.0,POINT (-99.3 30.7),0.0
231,25.7,-99.4,30.7,287.6,14.0,14.0,20.425,2525358.3181875004,53.41165797741786,5.0,POINT (-99.40000000000001 30.7),0.0
232,31.7,-99.5,30.7,287.3,14.0,14.0,21.925,2525358.3181875004,52.95785648528067,5.0,POINT (-99.5 30.7),0.0
233,33.4,-99.6,30.7,287.2,14.0,14.0,22.35,2525358.3181875004,52.831308658310746,5.0,POINT (-99.59999999999999 30.7),0.0
234,33.0,-99.7,30.7,287.0,14.0,14.0,22.25,2525358.3181875004,52.861005563625675,5.0,POINT (-99.7 30.7),0.0
235,21.0,-99.8,30.7,286.9,14.0,14.0,19.25,2525358.3181875004,53.77519784107568,5.0,POINT (-99.8 30.7),0.0
236,20.0,-99.9,30.7,286.8,14.0,14.0,19.0,2525358.3181875004,53.853490185876666,5.0,POINT (-99.90000000000001 30.7),0.0
237,26.0,-100.0,30.7,286.8,14.0,14.0,20.5,2525358.3181875004,53.38869750221861,5.0,POINT (-100 30.7),0.0
238,25.0,-100.1,30.7,287.2,14.0,14.0,20.25,2525358.3181875004,53.46534513027027,5.0,POINT (-100.1 30.7),0.0
239,22.0,-100.2,30.7,286.9,14.0,14.0,19.5,2525358.3181875004,53.69723992180827,5.0,POINT (-100.2 30.7),0.0
240,27.0,-100.3,30.7,286.9,14.0,14.0,20.75,2525358.3181875004,53.31237076810858,5.0,POINT (-100.3 30.7),0.0
241,19.0,-100.4,30.7,286.5,13.0,13.0,17.75,2525358.3181875004,54.25006805128358,5.0,POINT (-100.4 30.7),0.0
242,29.0,-100.5,30.7,286.0,13.0,13.0,20.25,2525358.3181875004,53.46534513027027,5.0,POINT (-100.5 30.7),0.0
243,32.0,-100.6,30.7,286.2,13.0,13.0,21.0,2525358.3181875004,53.236362323828715,5.0,POINT (-100.6 30.7),0.0
244,33.0,-100.7,30.7,286.6,13.0,13.0,21.25,2525358.3181875004,53.16066959796472,5.0,POINT (-100.7 30.7),0.0
245,34.0,-100.8,30.7,286.7,14.0,14.0,22.5,2525358.3181875004,52.78685396433388,5.0,POINT (-100.8 30.7),0.0
246,30.0,-100.9,30.7,286.7,14.0,14.0,21.5,2525358.3181875004,53.0852900512369,5.0,POINT (-100.9 30.7),0.0
247,30.0,-101.0,30.7,286.4,13.0,13.0,20.5,2525358.3181875004,53.38869750221861,5.0,POINT (-101 30.7),0.0
248,23.2,-98.0,30.8,287.2,14.0,14.0,19.8,2525358.3181875004,53.604127953624584,5.0,POINT (-98 30.8),0.0
249,23.5,-98.1,30.8,287.5,14.0,14.0,19.875,2525358.3181875004,53.58092402700658,5.0,POINT (-98.09999999999999 30.8),0.0
250,23.3,-98.2,30.8,287.6,14.0,14.0,19.825,2525358.3181875004,53.59639003142195,5.0,POINT (-98.2 30.8),0.0
251,23.2,-98.3,30.8,288.7,16.0,16.0,21.8,2525358.3181875004,52.9952444629804,5.0,POINT (-98.3 30.8),0.0
252,23.0,-98.4,30.8,290.2,17.0,17.0,22.75,2525358.3181875004,52.71300331095601,5.0,POINT (-98.40000000000001 30.8),0.0
253,22.8,-98.5,30.8,287.8,15.0,15.0,20.7,2525358.3181875004,53.32761056888706,5.0,POINT (-98.5 30.8),0.0
254,22.7,-98.6,30.8,287.5,14.0,14.0,19.675,2525358.3181875004,53.64286687326643,5.0,POINT (-98.59999999999999 30.8),0.0
255,22.5,-98.7,30.8,287.3,14.0,14.0,19.625,2525358.3181875004,53.65838550269664,5.0,POINT (-98.7 30.8),0.0
256,22.4,-98.8,30.8,286.8,14.0,14.0,19.6,2525358.3181875004,53.666149770112085,5.0,POINT (-98.8 30.8),0.0
257,22.2,-98.9,30.8,287.1,14.0,14.0,19.55,2525358.3181875004,53.68168822405588,5.0,POINT (-98.90000000000001 30.8),0.0
258,22.6,-99.0,30.8,287.3,14.0,14.0,19.65,2525358.3181875004,53.650624537994425,5.0,POINT (-99 30.8),0.0
259,23.0,-99.1,30.8,286.8,14.0,14.0,19.75,2525358.3181875004,53.61961365159163,5.0,POINT (-99.09999999999999 30.8),0.0
260,23.5,-99.2,30.8,286.5,13.0,13.0,18.875,2525358.3181875004,53.89276264542369,5.0,POINT (-99.2 30.8),0.0
261,23.9,-99.3,30.8,286.9,14.0,14.0,19.975,2525358.3181875004,53.55003130235378,5.0,POINT (-99.3 30.8),0.0
262,25.0,-99.4,30.8,287.0,14.0,14.0,20.25,2525358.3181875004,53.46534513027027,5.0,POINT (-99.40000000000001 30.8),0.0
263,31.0,-99.5,30.8,287.2,14.0,14.0,21.75,2525358.3181875004,53.0102211759503,5.0,POINT (-99.5 30.8),0.0
264,37.0,-99.6,30.8,287.1,14.0,14.0,23.25,2525358.3181875004,52.56619543999004,5.0,POINT (-99.59999999999999 30.8),0.0
265,26.0,-99.7,30.8,287.0,14.0,14.0,20.5,2525358.3181875004,53.38869750221861,5.0,POINT (-99.7 30.8),0.0
266,21.0,-99.8,30.8,286.8,14.0,14.0,19.25,2525358.3181875004,53.77519784107568,5.0,POINT (-99.8 30.8),0.0
267,24.0,-99.9,30.8,286.7,14.0,14.0,20.0,2525358.3181875004,53.5423162896469,5.0,POINT (-99.90000000000001 30.8),0.0
268,23.0,-100.0,30.8,286.9,14.0,14.0,19.75,2525358.3181875004,53.61961365159163,5.0,POINT (-100 30.8),0.0
269,23.0,-100.1,30.8,286.7,14.0,14.0,19.75,2525358.3181875004,53.61961365159163,5.0,POINT (-100.1 30.8),0.0
270,24.0,-100.2,30.8,286.6,13.0,13.0,19.0,2525358.3181875004,53.853490185876666,5.0,POINT (-100.2 30.8),0.0
271,23.0,-100.3,30.8,286.8,14.0,14.0,19.75,2525358.3181875004,53.61961365159163,5.0,POINT (-100.3 30.8),0.0
272,19.0,-100.4,30.8,286.8,14.0,14.0,18.75,2525358.3181875004,53.932119769040355,5.0,POINT (-100.4 30.8),0.0
273,19.0,-100.5,30.8,286.3,13.0,13.0,17.75,2525358.3181875004,54.25006805128358,5.0,POINT (-100.5 30.8),0.0
274,18.0,-100.6,30.8,285.9,13.0,13.0,17.5,2525358.3181875004,54.330427337714674,5.0,POINT (-100.6 30.8),0.0
275,17.0,-100.7,30.8,285.8,13.0,13.0,17.25,2525358.3181875004,54.41114154066701,5.0,POINT (-100.7 30.8),0.0
276,30.0,-100.8,30.8,285.9,13.0,13.0,20.5,2525358.3181875004,53.38869750221861,5.0,POINT (-100.8 30.8),0.0
277,30.0,-100.9,30.8,286.1,13.0,13.0,20.5,2525358.3181875004,53.38869750221861,5.0,POINT (-100.9 30.8),0.0
278,31.0,-101.0,30.8,286.2,13.0,13.0,20.75,2525358.3181875004,53.31237076810858,5.0,POINT (-101 30.8),0.0
279,22.6,-98.0,30.9,287.8,15.0,15.0,20.65,2525358.3181875004,53.34286312188128,5.0,POINT (-98 30.9),0.0
280,22.9,-98.1,30.9,287.5,14.0,14.0,19.725,2525358.3181875004,53.62736143279515,5.0,POINT (-98.09999999999999 30.9),0.0
281,22.9,-98.2,30.9,287.6,14.0,14.0,19.725,2525358.3181875004,53.62736143279515,5.0,POINT (-98.2 30.9),0.0
282,22.7,-98.3,30.9,288.2,15.0,15.0,20.675,2525358.3181875004,53.33523525005968,5.0,POINT (-98.3 30.9),0.0
283,22.6,-98.4,30.9,288.8,16.0,16.0,21.65,2525358.3181875004,53.04021160468679,5.0,POINT (-98.40000000000001 30.9),0.0
284,22.4,-98.5,30.9,288.0,15.0,15.0,20.6,2525358.3181875004,53.35812844787089,5.0,POINT (-98.5 30.9),0.0
285,22.2,-98.6,30.9,287.9,15.0,15.0,20.55,2525358.3181875004,53.373406567688264,5.0,POINT (-98.59999999999999 30.9),0.0
286,22.1,-98.7,30.9,287.3,14.0,14.0,19.525,2525358.3181875004,53.6894624160799,5.0,POINT (-98.7 30.9),0.0
287,21.9,-98.8,30.9,287.1,14.0,14.0,19.475,2525358.3181875004,53.705020743997665,5.0,POINT (-98.8 30.9),0.0
288,21.8,-98.9,30.9,287.3,14.0,14.0,19.45,2525358.3181875004,53.71280488540841,5.0,POINT (-98.90000000000001 30.9),0.0
289,21.7,-99.0,30.9,287.0,14.0,14.0,19.425,2525358.3181875004,53.720592348804246,5.0,POINT (-99 30.9),0.0
290,22.2,-99.1,30.9,287.3,14.0,14.0,19.55,2525358.3181875004,53.68168822405588,5.0,POINT (-99.09999999999999 30.9),0.0
291,22.6,-99.2,30.9,287.3,14.0,14.0,19.65,2525358.3181875004,53.650624537994425,5.0,POINT (-99.2 30.9),0.0
292,22.2,-99.3,30.9,287.4,14.0,14.0,19.55,2525358.3181875004,53.68168822405588,5.0,POINT (-99.3 30.9),0.0
293,24.3,-99.4,30.9,287.4,14.0,14.0,20.075,2525358.3181875004,53.519190812766794,5.0,POINT (-99.40000000000001 30.9),0.0
294,30.3,-99.5,30.9,287.1,14.0,14.0,21.575,2525358.3181875004,53.06273688143274,5.0,POINT (-99.5 30.9),0.0
295,31.2,-99.6,30.9,286.9,14.0,14.0,21.8,2525358.3181875004,52.9952444629804,5.0,POINT (-99.59999999999999 30.9),0.0
296,22.5,-99.7,30.9,286.7,14.0,14.0,19.625,2525358.3181875004,53.65838550269664,5.0,POINT (-99.7 30.9),0.0
297,21.0,-99.8,30.9,286.6,13.0,13.0,18.25,2525358.3181875004,54.090402087465485,5.0,POINT (-99.8 30.9),0.0
298,21.0,-99.9,30.9,286.5,13.0,13.0,18.25,2525358.3181875004,54.090402087465485,5.0,POINT (-99.90000000000001 30.9),0.0
299,22.0,-100.0,30.9,286.4,13.0,13.0,18.5,2525358.3181875004,54.01108944039993,5.0,POINT (-100 30.9),0.0
300,20.0,-100.1,30.9,286.3,13.0,13.0,18.0,2525358.3181875004,54.17006063611193,5.0,POINT (-100.1 30.9),0.0
301,24.0,-100.2,30.9,286.3,13.0,13.0,19.0,2525358.3181875004,53.853490185876666,5.0,POINT (-100.2 30.9),0.0
302,23.0,-100.3,30.9,286.4,13.0,13.0,18.75,2525358.3181875004,53.932119769040355,5.0,POINT (-100.3 30.9),0.0
303,19.0,-100.4,30.9,286.6,13.0,13.0,17.75,2525358.3181875004,54.25006805128358,5.0,POINT (-100.4 30.9),0.0
304,24.0,-100.5,30.9,286.5,13.0,13.0,19.0,2525358.3181875004,53.853490185876666,5.0,POINT (-100.5 30.9),0.0
305,24.0,-100.6,30.9,286.4,13.0,13.0,19.0,2525358.3181875004,53.853490185876666,5.0,POINT (-100.6 30.9),0.0
306,18.5,-100.7,30.9,285.5,12.0,12.0,16.625,2525358.3181875004,54.61450016696725,5.0,POINT (-100.7 30.9),0.0
307,20.0,-100.8,30.9,285.5,12.0,12.0,17.0,2525358.3181875004,54.492213746685124,5.0,POINT (-100.8 30.9),0.0
308,23.0,-100.9,30.9,285.7,13.0,13.0,18.75,2525358.3181875004,53.932119769040355,5.0,POINT (-100.9 30.9),0.0
309,33.0,-101.0,30.9,285.7,13.0,13.0,21.25,2525358.3181875004,53.16066959796472,5.0,POINT (-101 30.9),0.0
310,22.0,-98.0,31.0,287.7,15.0,15.0,20.5,2525358.3181875004,53.38869750221861,5.0,POINT (-98 31),0.0
311,22.3,-98.1,31.0,287.9,15.0,15.0,20.575,2525358.3181875004,53.365765907247024,5.0,POINT (-98.09999999999999 31),0.0
312,22.5,-98.2,31.0,287.8,15.0,15.0,20.625,2525358.3181875004,53.350494186950876,5.0,POINT (-98.2 31),0.0
313,22.3,-98.3,31.0,287.8,15.0,15.0,20.575,2525358.3181875004,53.365765907247024,5.0,POINT (-98.3 31),0.0
314,22.1,-98.4,31.0,288.5,15.0,15.0,20.525,2525358.3181875004,53.38105043180695,5.0,POINT (-98.40000000000001 31),0.0
315,22.0,-98.5,31.0,288.1,15.0,15.0,20.5,2525358.3181875004,53.38869750221861,5.0,POINT (-98.5 31),0.0
316,21.8,-98.6,31.0,287.6,14.0,14.0,19.45,2525358.3181875004,53.71280488540841,5.0,POINT (-98.59999999999999 31),0.0
317,21.7,-98.7,31.0,287.1,14.0,14.0,19.425,2525358.3181875004,53.720592348804246,5.0,POINT (-98.7 31),0.0
318,21.5,-98.8,31.0,287.2,14.0,14.0,19.375,2525358.3181875004,53.7361772526247,5.0,POINT (-98.8 31),0.0
319,21.3,-98.9,31.0,287.7,15.0,15.0,20.325,2525358.3181875004,53.442316991716076,5.0,POINT (-98.90000000000001 31),0.0
320,21.2,-99.0,31.0,287.9,15.0,15.0,20.3,2525358.3181875004,53.44998980703401,5.0,POINT (-99 31),0.0
321,21.3,-99.1,31.0,287.5,14.0,14.0,19.325,2525358.3181875004,53.7517754776415,5.0,POINT (-99.09999999999999 31),0.0
322,21.7,-99.2,31.0,286.8,14.0,14.0,19.425,2525358.3181875004,53.720592348804246,5.0,POINT (-99.2 31),0.0
323,19.6,-99.3,31.0,286.8,14.0,14.0,18.9,2525358.3181875004,53.884901391784005,5.0,POINT (-99.3 31),0.0
324,23.7,-99.4,31.0,286.6,13.0,13.0,18.925,2525358.3181875004,53.877043521851775,5.0,POINT (-99.40000000000001 31),0.0
325,26.0,-99.5,31.0,286.5,13.0,13.0,19.5,2525358.3181875004,53.69723992180827,5.0,POINT (-99.5 31),0.0
326,25.4,-99.6,31.0,286.5,13.0,13.0,19.35,2525358.3181875004,53.74397469859491,5.0,POINT (-99.59999999999999 31),0.0
327,19.0,-99.7,31.0,286.4,13.0,13.0,17.75,2525358.3181875004,54.25006805128358,5.0,POINT (-99.7 31),0.0
328,20.0,-99.8,31.0,286.2,13.0,13.0,18.0,2525358.3181875004,54.17006063611193,5.0,POINT (-99.8 31),0.0
329,23.0,-99.9,31.0,286.3,13.0,13.0,18.75,2525358.3181875004,53.932119769040355,5.0,POINT (-99.90000000000001 31),0.0
330,20.0,-100.0,31.0,286.0,13.0,13.0,18.0,2525358.3181875004,54.17006063611193,5.0,POINT (-100 31),0.0
331,21.0,-100.1,31.0,286.2,13.0,13.0,18.25,2525358.3181875004,54.090402087465485,5.0,POINT (-100.1 31),0.0
332,22.0,-100.2,31.0,286.2,13.0,13.0,18.5,2525358.3181875004,54.01108944039993,5.0,POINT (-100.2 31),0.0
333,22.0,-100.3,31.0,286.3,13.0,13.0,18.5,2525358.3181875004,54.01108944039993,5.0,POINT (-100.3 31),0.0
334,16.0,-100.4,31.0,286.5,13.0,13.0,17.0,2525358.3181875004,54.492213746685124,5.0,POINT (-100.4 31),0.0
335,25.0,-100.5,31.0,286.7,14.0,14.0,20.25,2525358.3181875004,53.46534513027027,5.0,POINT (-100.5 31),0.0
336,16.0,-100.6,31.0,286.7,14.0,14.0,18.0,2525358.3181875004,54.17006063611193,5.0,POINT (-100.6 31),0.0
337,20.0,-100.7,31.0,285.7,13.0,13.0,18.0,2525358.3181875004,54.17006063611193,5.0,POINT (-100.7 31),0.0
338,22.0,-100.8,31.0,286.1,13.0,13.0,18.5,2525358.3181875004,54.01108944039993,5.0,POINT (-100.8 31),0.0
339,25.0,-100.9,31.0,285.5,12.0,12.0,18.25,2525358.3181875004,54.090402087465485,5.0,POINT (-100.9 31),0.0
340,19.0,-101.0,31.0,285.4,12.0,12.0,16.75,2525358.3181875004,54.57364708436907,5.0,POINT (-101 31),0.0
341,20.7,-98.0,31.1,287.8,15.0,15.0,20.175,2525358.3181875004,53.488402386412616,5.0,POINT (-98 31.1),0.0
342,21.7,-98.1,31.1,287.6,14.0,14.0,19.425,2525358.3181875004,53.720592348804246,5.0,POINT (-98.09999999999999 31.1),0.0
343,21.9,-98.2,31.1,287.5,14.0,14.0,19.475,2525358.3181875004,53.705020743997665,5.0,POINT (-98.2 31.1),0.0
344,21.9,-98.3,31.1,287.5,14.0,14.0,19.475,2525358.3181875004,53.705020743997665,5.0,POINT (-98.3 31.1),0.0
345,21.7,-98.4,31.1,288.0,15.0,15.0,20.425,2525358.3181875004,53.41165797741786,5.0,POINT (-98.40000000000001 31.1),0.0
346,21.5,-98.5,31.1,287.7,15.0,15.0,20.375,2525358.3181875004,53.42698104045191,5.0,POINT (-98.5 31.1),0.0
347,21.4,-98.6,31.1,287.8,15.0,15.0,20.35,2525358.3181875004,53.434647403736136,5.0,POINT (-98.59999999999999 31.1),0.0
348,21.2,-98.7,31.1,287.8,15.0,15.0,20.3,2525358.3181875004,53.44998980703401,5.0,POINT (-98.7 31.1),0.0
349,21.1,-98.8,31.1,287.9,15.0,15.0,20.275,2525358.3181875004,53.45766585233571,5.0,POINT (-98.8 31.1),0.0
350,20.9,-98.9,31.1,287.8,15.0,15.0,20.225,2525358.3181875004,53.473027643490106,5.0,POINT (-98.90000000000001 31.1),0.0
351,20.7,-99.0,31.1,287.4,14.0,14.0,19.175,2525358.3181875004,53.7986503025599,5.0,POINT (-99 31.1),0.0
352,20.6,-99.1,31.1,287.2,14.0,14.0,19.15,2525358.3181875004,53.806474491234795,5.0,POINT (-99.09999999999999 31.1),0.0
353,20.9,-99.2,31.1,287.0,14.0,14.0,19.225,2525358.3181875004,53.78301198028212,5.0,POINT (-99.2 31.1),0.0
354,17.0,-99.3,31.1,286.6,13.0,13.0,17.25,2525358.3181875004,54.41114154066701,5.0,POINT (-99.3 31.1),0.0
355,15.0,-99.4,31.1,286.9,14.0,14.0,17.75,2525358.3181875004,54.25006805128358,5.0,POINT (-99.40000000000001 31.1),0.0
356,26.0,-99.5,31.1,286.8,14.0,14.0,20.5,2525358.3181875004,53.38869750221861,5.0,POINT (-99.5 31.1),0.0
357,30.0,-99.6,31.1,286.6,13.0,13.0,20.5,2525358.3181875004,53.38869750221861,5.0,POINT (-99.59999999999999 31.1),0.0
358,34.0,-99.7,31.1,286.5,13.0,13.0,21.5,2525358.3181875004,53.0852900512369,5.0,POINT (-99.7 31.1),0.0
359,24.0,-99.8,31.1,286.5,13.0,13.0,19.0,2525358.3181875004,53.853490185876666,5.0,POINT (-99.8 31.1),0.0
360,21.0,-99.9,31.1,286.7,14.0,14.0,19.25,2525358.3181875004,53.77519784107568,5.0,POINT (-99.90000000000001 31.1),0.0
361,23.0,-100.0,31.1,286.7,14.0,14.0,19.75,2525358.3181875004,53.61961365159163,5.0,POINT (-100 31.1),0.0
362,22.0,-100.1,31.1,286.8,14.0,14.0,19.5,2525358.3181875004,53.69723992180827,5.0,POINT (-100.1 31.1),0.0
363,25.0,-100.2,31.1,286.9,14.0,14.0,20.25,2525358.3181875004,53.46534513027027,5.0,POINT (-100.2 31.1),0.0
364,28.0,-100.3,31.1,287.0,14.0,14.0,21.0,2525358.3181875004,53.236362323828715,5.0,POINT (-100.3 31.1),0.0
365,26.0,-100.4,31.1,287.0,14.0,14.0,20.5,2525358.3181875004,53.38869750221861,5.0,POINT (-100.4 31.1),0.0
366,24.0,-100.5,31.1,287.0,14.0,14.0,20.0,2525358.3181875004,53.5423162896469,5.0,POINT (-100.5 31.1),0.0
367,24.0,-100.6,31.1,287.0,14.0,14.0,20.0,2525358.3181875004,53.5423162896469,5.0,POINT (-100.6 31.1),0.0
368,17.0,-100.7,31.1,287.1,14.0,14.0,18.25,2525358.3181875004,54.090402087465485,5.0,POINT (-100.7 31.1),0.0
369,19.0,-100.8,31.1,286.8,14.0,14.0,18.75,2525358.3181875004,53.932119769040355,5.0,POINT (-100.8 31.1),0.0
370,24.0,-100.9,31.1,286.8,14.0,14.0,20.0,2525358.3181875004,53.5423162896469,5.0,POINT (-100.9 31.1),0.0
371,27.0,-101.0,31.1,286.2,13.0,13.0,19.75,2525358.3181875004,53.61961365159163,5.0,POINT (-101 31.1),0.0
372,19.3,-98.0,31.2,287.8,15.0,15.0,19.825,2525358.3181875004,53.59639003142195,5.0,POINT (-98 31.2),0.0
373,20.3,-98.1,31.2,287.3,14.0,14.0,19.075,2525358.3181875004,53.82996720110167,5.0,POINT (-98.09999999999999 31.2),0.0
374,21.3,-98.2,31.2,287.3,14.0,14.0,19.325,2525358.3181875004,53.7517754776415,5.0,POINT (-98.2 31.2),0.0
375,21.4,-98.3,31.2,287.3,14.0,14.0,19.35,2525358.3181875004,53.74397469859491,5.0,POINT (-98.3 31.2),0.0
376,21.3,-98.4,31.2,287.7,15.0,15.0,20.325,2525358.3181875004,53.442316991716076,5.0,POINT (-98.40000000000001 31.2),0.0
377,21.1,-98.5,31.2,287.7,15.0,15.0,20.275,2525358.3181875004,53.45766585233571,5.0,POINT (-98.5 31.2),0.0
378,21.0,-98.6,31.2,287.6,14.0,14.0,19.25,2525358.3181875004,53.77519784107568,5.0,POINT (-98.59999999999999 31.2),0.0
379,20.8,-98.7,31.2,287.5,14.0,14.0,19.2,2525358.3181875004,53.79082946651021,5.0,POINT (-98.7 31.2),0.0
380,20.6,-98.8,31.2,287.3,14.0,14.0,19.15,2525358.3181875004,53.806474491234795,5.0,POINT (-98.8 31.2),0.0
381,20.5,-98.9,31.2,287.3,14.0,14.0,19.125,2525358.3181875004,53.814302035342195,5.0,POINT (-98.90000000000001 31.2),0.0
382,20.3,-99.0,31.2,286.8,14.0,14.0,19.075,2525358.3181875004,53.82996720110167,5.0,POINT (-99 31.2),0.0
383,20.2,-99.1,31.2,286.7,14.0,14.0,19.05,2525358.3181875004,53.83780482838665,5.0,POINT (-99.09999999999999 31.2),0.0
384,20.0,-99.2,31.2,286.8,14.0,14.0,19.0,2525358.3181875004,53.853490185876666,5.0,POINT (-99.2 31.2),0.0
385,19.0,-99.3,31.2,286.6,13.0,13.0,17.75,2525358.3181875004,54.25006805128358,5.0,POINT (-99.3 31.2),0.0
386,17.6,-99.4,31.2,286.8,14.0,14.0,18.4,2525358.3181875004,54.04277317915932,5.0,POINT (-99.40000000000001 31.2),0.0
387,24.7,-99.5,31.2,286.6,13.0,13.0,19.175,2525358.3181875004,53.7986503025599,5.0,POINT (-99.5 31.2),0.0
388,25.0,-99.6,31.2,286.6,13.0,13.0,19.25,2525358.3181875004,53.77519784107568,5.0,POINT (-99.59999999999999 31.2),0.0
389,23.0,-99.7,31.2,286.6,13.0,13.0,18.75,2525358.3181875004,53.932119769040355,5.0,POINT (-99.7 31.2),0.0
390,21.0,-99.8,31.2,286.6,13.0,13.0,18.25,2525358.3181875004,54.090402087465485,5.0,POINT (-99.8 31.2),0.0
391,23.0,-99.9,31.2,286.5,13.0,13.0,18.75,2525358.3181875004,53.932119769040355,5.0,POINT (-99.90000000000001 31.2),0.0
392,25.0,-100.0,31.2,287.0,14.0,14.0,20.25,2525358.3181875004,53.46534513027027,5.0,POINT (-100 31.2),0.0
393,22.0,-100.1,31.2,287.2,14.0,14.0,19.5,2525358.3181875004,53.69723992180827,5.0,POINT (-100.1 31.2),0.0
394,22.0,-100.2,31.2,287.4,14.0,14.0,19.5,2525358.3181875004,53.69723992180827,5.0,POINT (-100.2 31.2),0.0
395,26.0,-100.3,31.2,287.5,14.0,14.0,20.5,2525358.3181875004,53.38869750221861,5.0,POINT (-100.3 31.2),0.0
396,25.0,-100.4,31.2,287.2,14.0,14.0,20.25,2525358.3181875004,53.46534513027027,5.0,POINT (-100.4 31.2),0.0
397,24.0,-100.5,31.2,287.3,14.0,14.0,20.0,2525358.3181875004,53.5423162896469,5.0,POINT (-100.5 31.2),0.0
398,16.0,-100.6,31.2,287.7,15.0,15.0,19.0,2525358.3181875004,53.853490185876666,5.0,POINT (-100.6 31.2),0.0
399,16.0,-100.7,31.2,287.2,14.0,14.0,18.0,2525358.3181875004,54.17006063611193,5.0,POINT (-100.7 31.2),0.0
400,24.0,-100.8,31.2,287.1,14.0,14.0,20.0,2525358.3181875004,53.5423162896469,5.0,POINT (-100.8 31.2),0.0
401,25.0,-100.9,31.2,286.9,14.0,14.0,20.25,2525358.3181875004,53.46534513027027,5.0,POINT (-100.9 31.2),0.0
402,22.0,-101.0,31.2,286.7,14.0,14.0,19.5,2525358.3181875004,53.69723992180827,5.0,POINT (-101 31.2),0.0
403,18.0,-98.0,31.3,287.3,14.0,14.0,18.5,2525358.3181875004,54.01108944039993,5.0,POINT (-98 31.3),0.0
404,19.0,-98.1,31.3,287.4,14.0,14.0,18.75,2525358.3181875004,53.932119769040355,5.0,POINT (-98.09999999999999 31.3),0.0
405,20.0,-98.2,31.3,287.0,14.0,14.0,19.0,2525358.3181875004,53.853490185876666,5.0,POINT (-98.2 31.3),0.0
406,21.0,-98.3,31.3,287.3,14.0,14.0,19.25,2525358.3181875004,53.77519784107568,5.0,POINT (-98.3 31.3),0.0
407,21.0,-98.4,31.3,287.4,14.0,14.0,19.25,2525358.3181875004,53.77519784107568,5.0,POINT (-98.40000000000001 31.3),0.0
408,21.0,-98.5,31.3,287.6,14.0,14.0,19.25,2525358.3181875004,53.77519784107568,5.0,POINT (-98.5 31.3),0.0
409,21.0,-98.6,31.3,287.4,14.0,14.0,19.25,2525358.3181875004,53.77519784107568,5.0,POINT (-98.59999999999999 31.3),0.0
410,21.0,-98.7,31.3,287.2,14.0,14.0,19.25,2525358.3181875004,53.77519784107568,5.0,POINT (-98.7 31.3),0.0
411,21.0,-98.8,31.3,287.2,14.0,14.0,19.25,2525358.3181875004,53.77519784107568,5.0,POINT (-98.8 31.3),0.0
412,21.0,-98.9,31.3,286.8,14.0,14.0,19.25,2525358.3181875004,53.77519784107568,5.0,POINT (-98.90000000000001 31.3),0.0
413,21.0,-99.0,31.3,286.9,14.0,14.0,19.25,2525358.3181875004,53.77519784107568,5.0,POINT (-99 31.3),0.0
414,22.0,-99.1,31.3,287.5,14.0,14.0,19.5,2525358.3181875004,53.69723992180827,5.0,POINT (-99.09999999999999 31.3),0.0
415,24.0,-99.2,31.3,287.7,15.0,15.0,21.0,2525358.3181875004,53.236362323828715,5.0,POINT (-99.2 31.3),0.0
416,21.0,-99.3,31.3,287.9,15.0,15.0,20.25,2525358.3181875004,53.46534513027027,5.0,POINT (-99.3 31.3),0.0
417,20.2,-99.4,31.3,287.9,15.0,15.0,20.05,2525358.3181875004,53.5268960475383,5.0,POINT (-99.40000000000001 31.3),0.0
418,23.3,-99.5,31.3,287.7,15.0,15.0,20.825,2525358.3181875004,53.28953493201907,5.0,POINT (-99.5 31.3),0.0
419,14.0,-99.6,31.3,287.7,15.0,15.0,18.5,2525358.3181875004,54.01108944039993,5.0,POINT (-99.59999999999999 31.3),0.0
420,22.0,-99.7,31.3,287.5,14.0,14.0,19.5,2525358.3181875004,53.69723992180827,5.0,POINT (-99.7 31.3),0.0
421,23.0,-99.8,31.3,287.4,14.0,14.0,19.75,2525358.3181875004,53.61961365159163,5.0,POINT (-99.8 31.3),0.0
422,23.0,-99.9,31.3,287.6,14.0,14.0,19.75,2525358.3181875004,53.61961365159163,5.0,POINT (-99.90000000000001 31.3),0.0
423,25.0,-100.0,31.3,287.7,15.0,15.0,21.25,2525358.3181875004,53.16066959796472,5.0,POINT (-100 31.3),0.0
424,24.0,-100.1,31.3,287.1,14.0,14.0,20.0,2525358.3181875004,53.5423162896469,5.0,POINT (-100.1 31.3),0.0
425,24.0,-100.2,31.3,287.6,14.0,14.0,20.0,2525358.3181875004,53.5423162896469,5.0,POINT (-100.2 31.3),0.0
426,30.0,-100.3,31.3,287.7,15.0,15.0,22.5,2525358.3181875004,52.78685396433388,5.0,POINT (-100.3 31.3),0.0
427,26.0,-100.4,31.3,287.6,14.0,14.0,20.5,2525358.3181875004,53.38869750221861,5.0,POINT (-100.4 31.3),0.0
428,23.0,-100.5,31.3,287.3,14.0,14.0,19.75,2525358.3181875004,53.61961365159163,5.0,POINT (-100.5 31.3),0.0
429,20.0,-100.6,31.3,287.4,14.0,14.0,19.0,2525358.3181875004,53.853490185876666,5.0,POINT (-100.6 31.3),0.0
430,16.0,-100.7,31.3,287.2,14.0,14.0,18.0,2525358.3181875004,54.17006063611193,5.0,POINT (-100.7 31.3),0.0
431,23.0,-100.8,31.3,287.1,14.0,14.0,19.75,2525358.3181875004,53.61961365159163,5.0,POINT (-100.8 31.3),0.0
432,19.0,-100.9,31.3,287.5,14.0,14.0,18.75,2525358.3181875004,53.932119769040355,5.0,POINT (-100.9 31.3),0.0
433,19.0,-101.0,31.3,287.4,14.0,14.0,18.75,2525358.3181875004,53.932119769040355,5.0,POINT (-101 31.3),0.0
434,18.7,-98.0,31.4,287.2,14.0,14.0,18.675,2525358.3181875004,53.95577483054058,5.0,POINT (-98 31.4),0.0
435,20.3,-98.1,31.4,287.3,14.0,14.0,19.075,2525358.3181875004,53.82996720110167,5.0,POINT (-98.09999999999999 31.4),0.0
436,22.0,-98.2,31.4,287.0,14.0,14.0,19.5,2525358.3181875004,53.69723992180827,5.0,POINT (-98.2 31.4),0.0
437,21.0,-98.3,31.4,286.7,14.0,14.0,19.25,2525358.3181875004,53.77519784107568,5.0,POINT (-98.3 31.4),0.0
438,19.0,-98.4,31.4,286.7,14.0,14.0,18.75,2525358.3181875004,53.932119769040355,5.0,POINT (-98.40000000000001 31.4),0.0
439,19.6,-98.5,31.4,287.2,14.0,14.0,18.9,2525358.3181875004,53.884901391784005,5.0,POINT (-98.5 31.4),0.0
440,20.2,-98.6,31.4,287.7,15.0,15.0,20.05,2525358.3181875004,53.5268960475383,5.0,POINT (-98.59999999999999 31.4),0.0
441,20.8,-98.7,31.4,287.2,14.0,14.0,19.2,2525358.3181875004,53.79082946651021,5.0,POINT (-98.7 31.4),0.0
442,21.4,-98.8,31.4,287.3,14.0,14.0,19.35,2525358.3181875004,53.74397469859491,5.0,POINT (-98.8 31.4),0.0
443,22.0,-98.9,31.4,287.2,14.0,14.0,19.5,2525358.3181875004,53.69723992180827,5.0,POINT (-98.90000000000001 31.4),0.0
444,24.0,-99.0,31.4,287.2,14.0,14.0,20.0,2525358.3181875004,53.5423162896469,5.0,POINT (-99 31.4),0.0
445,26.0,-99.1,31.4,287.6,14.0,14.0,20.5,2525358.3181875004,53.38869750221861,5.0,POINT (-99.09999999999999 31.4),0.0
446,28.0,-99.2,31.4,288.0,15.0,15.0,22.0,2525358.3181875004,52.93546049545624,5.0,POINT (-99.2 31.4),0.0
447,30.0,-99.3,31.4,288.0,15.0,15.0,22.5,2525358.3181875004,52.78685396433388,5.0,POINT (-99.3 31.4),0.0
448,18.0,-99.4,31.4,287.5,14.0,14.0,18.5,2525358.3181875004,54.01108944039993,5.0,POINT (-99.40000000000001 31.4),0.0
449,22.0,-99.5,31.4,287.5,14.0,14.0,19.5,2525358.3181875004,53.69723992180827,5.0,POINT (-99.5 31.4),0.0
450,22.0,-99.6,31.4,287.3,14.0,14.0,19.5,2525358.3181875004,53.69723992180827,5.0,POINT (-99.59999999999999 31.4),0.0
451,25.0,-99.7,31.4,287.3,14.0,14.0,20.25,2525358.3181875004,53.46534513027027,5.0,POINT (-99.7 31.4),0.0
452,23.0,-99.8,31.4,287.3,14.0,14.0,19.75,2525358.3181875004,53.61961365159163,5.0,POINT (-99.8 31.4),0.0
453,24.0,-99.9,31.4,287.5,14.0,14.0,20.0,2525358.3181875004,53.5423162896469,5.0,POINT (-99.90000000000001 31.4),0.0
454,23.0,-100.0,31.4,287.3,14.0,14.0,19.75,2525358.3181875004,53.61961365159163,5.0,POINT (-100 31.4),0.0
455,24.0,-100.1,31.4,286.9,14.0,14.0,20.0,2525358.3181875004,53.5423162896469,5.0,POINT (-100.1 31.4),0.0
456,24.0,-100.2,31.4,287.0,14.0,14.0,20.0,2525358.3181875004,53.5423162896469,5.0,POINT (-100.2 31.4),0.0
457,24.0,-100.3,31.4,286.9,14.0,14.0,20.0,2525358.3181875004,53.5423162896469,5.0,POINT (-100.3 31.4),0.0
458,26.0,-100.4,31.4,287.1,14.0,14.0,20.5,2525358.3181875004,53.38869750221861,5.0,POINT (-100.4 31.4),0.0
459,22.0,-100.5,31.4,287.9,15.0,15.0,20.5,2525358.3181875004,53.38869750221861,5.0,POINT (-100.5 31.4),0.0
460,17.0,-100.6,31.4,287.0,14.0,14.0,18.25,2525358.3181875004,54.090402087465485,5.0,POINT (-100.6 31.4),0.0
461,16.0,-100.7,31.4,287.1,14.0,14.0,18.0,2525358.3181875004,54.17006063611193,5.0,POINT (-100.7 31.4),0.0
462,17.0,-100.8,31.4,287.1,14.0,14.0,18.25,2525358.3181875004,54.090402087465485,5.0,POINT (-100.8 31.4),0.0
463,22.0,-100.9,31.4,287.0,14.0,14.0,19.5,2525358.3181875004,53.69723992180827,5.0,POINT (-100.9 31.4),0.0
464,22.0,-101.0,31.4,287.2,14.0,14.0,19.5,2525358.3181875004,53.69723992180827,5.0,POINT (-101 31.4),0.0
465,21.5,-98.0,31.5,287.1,14.0,14.0,19.375,2525358.3181875004,53.7361772526247,5.0,POINT (-98 31.5),0.0
466,21.0,-98.1,31.5,287.5,14.0,14.0,19.25,2525358.3181875004,53.77519784107568,5.0,POINT (-98.09999999999999 31.5),0.0
467,20.0,-98.2,31.5,287.0,14.0,14.0,19.0,2525358.3181875004,53.853490185876666,5.0,POINT (-98.2 31.5),0.0
468,22.0,-98.3,31.5,286.3,13.0,13.0,18.5,2525358.3181875004,54.01108944039993,5.0,POINT (-98.3 31.5),0.0
469,24.5,-98.4,31.5,286.3,13.0,13.0,19.125,2525358.3181875004,53.814302035342195,5.0,POINT (-98.40000000000001 31.5),0.0
470,21.0,-98.5,31.5,286.4,13.0,13.0,18.25,2525358.3181875004,54.090402087465485,5.0,POINT (-98.5 31.5),0.0
471,21.3,-98.6,31.5,287.3,14.0,14.0,19.325,2525358.3181875004,53.7517754776415,5.0,POINT (-98.59999999999999 31.5),0.0
472,21.7,-98.7,31.5,287.3,14.0,14.0,19.425,2525358.3181875004,53.720592348804246,5.0,POINT (-98.7 31.5),0.0
473,22.0,-98.8,31.5,287.5,14.0,14.0,19.5,2525358.3181875004,53.69723992180827,5.0,POINT (-98.8 31.5),0.0
474,21.0,-98.9,31.5,287.2,14.0,14.0,19.25,2525358.3181875004,53.77519784107568,5.0,POINT (-98.90000000000001 31.5),0.0
475,22.9,-99.0,31.5,287.1,14.0,14.0,19.725,2525358.3181875004,53.62736143279515,5.0,POINT (-99 31.5),0.0
476,24.7,-99.1,31.5,287.0,14.0,14.0,20.175,2525358.3181875004,53.488402386412616,5.0,POINT (-99.09999999999999 31.5),0.0
477,26.6,-99.2,31.5,287.5,14.0,14.0,20.65,2525358.3181875004,53.34286312188128,5.0,POINT (-99.2 31.5),0.0
478,28.5,-99.3,31.5,287.1,14.0,14.0,21.125,2525358.3181875004,53.198476655546386,5.0,POINT (-99.3 31.5),0.0
479,19.0,-99.4,31.5,287.0,14.0,14.0,18.75,2525358.3181875004,53.932119769040355,5.0,POINT (-99.40000000000001 31.5),0.0
480,21.0,-99.5,31.5,287.0,14.0,14.0,19.25,2525358.3181875004,53.77519784107568,5.0,POINT (-99.5 31.5),0.0
481,23.0,-99.6,31.5,287.3,14.0,14.0,19.75,2525358.3181875004,53.61961365159163,5.0,POINT (-99.59999999999999 31.5),0.0
482,24.0,-99.7,31.5,287.5,14.0,14.0,20.0,2525358.3181875004,53.5423162896469,5.0,POINT (-99.7 31.5),0.0
483,24.5,-99.8,31.5,287.0,14.0,14.0,20.125,2525358.3181875004,53.50379010239083,5.0,POINT (-99.8 31.5),0.0
484,25.0,-99.9,31.5,287.1,14.0,14.0,20.25,2525358.3181875004,53.46534513027027,5.0,POINT (-99.90000000000001 31.5),0.0
485,23.0,-100.0,31.5,286.9,14.0,14.0,19.75,2525358.3181875004,53.61961365159163,5.0,POINT (-100 31.5),0.0
486,24.5,-100.1,31.5,286.7,14.0,14.0,20.125,2525358.3181875004,53.50379010239083,5.0,POINT (-100.1 31.5),0.0
487,23.5,-100.2,31.5,286.5,13.0,13.0,18.875,2525358.3181875004,53.89276264542369,5.0,POINT (-100.2 31.5),0.0
488,24.0,-100.3,31.5,286.6,13.0,13.0,19.0,2525358.3181875004,53.853490185876666,5.0,POINT (-100.3 31.5),0.0
489,23.0,-100.4,31.5,287.0,14.0,14.0,19.75,2525358.3181875004,53.61961365159163,5.0,POINT (-100.4 31.5),0.0
490,21.0,-100.5,31.5,287.0,14.0,14.0,19.25,2525358.3181875004,53.77519784107568,5.0,POINT (-100.5 31.5),0.0
491,19.0,-100.6,31.5,287.2,14.0,14.0,18.75,2525358.3181875004,53.932119769040355,5.0,POINT (-100.6 31.5),0.0
492,21.0,-100.7,31.5,286.9,14.0,14.0,19.25,2525358.3181875004,53.77519784107568,5.0,POINT (-100.7 31.5),0.0
493,22.0,-100.8,31.5,286.9,14.0,14.0,19.5,2525358.3181875004,53.69723992180827,5.0,POINT (-100.8 31.5),0.0
494,20.0,-100.9,31.5,286.9,14.0,14.0,19.0,2525358.3181875004,53.853490185876666,5.0,POINT (-100.9 31.5),0.0
495,22.0,-101.0,31.5,286.9,14.0,14.0,19.5,2525358.3181875004,53.69723992180827,5.0,POINT (-101 31.5),0.0
496,24.3,-98.0,31.6,286.8,14.0,14.0,20.075,2525358.3181875004,53.519190812766794,5.0,POINT (-98 31.6),0.0
497,21.5,-98.1,31.6,286.8,14.0,14.0,19.375,2525358.3181875004,53.7361772526247,5.0,POINT (-98.09999999999999 31.6),0.0
498,24.0,-98.2,31.6,286.9,14.0,14.0,20.0,2525358.3181875004,53.5423162896469,5.0,POINT (-98.2 31.6),0.0
499,22.0,-98.3,31.6,286.7,14.0,14.0,19.5,2525358.3181875004,53.69723992180827,5.0,POINT (-98.3 31.6),0.0
500,30.0,-98.4,31.6,286.4,13.0,13.0,20.5,2525358.3181875004,53.38869750221861,5.0,POINT (-98.40000000000001 31.6),0.0
501,23.0,-98.5,31.6,286.4,13.0,13.0,18.75,2525358.3181875004,53.932119769040355,5.0,POINT (-98.5 31.6),0.0
502,22.0,-98.6,31.6,286.9,14.0,14.0,19.5,2525358.3181875004,53.69723992180827,5.0,POINT (-98.59999999999999 31.6),0.0
503,22.0,-98.7,31.6,287.0,14.0,14.0,19.5,2525358.3181875004,53.69723992180827,5.0,POINT (-98.7 31.6),0.0
504,28.0,-98.8,31.6,287.0,14.0,14.0,21.0,2525358.3181875004,53.236362323828715,5.0,POINT (-98.8 31.6),0.0
505,23.7,-98.9,31.6,287.2,14.0,14.0,19.925,2525358.3181875004,53.56547112452294,5.0,POINT (-98.90000000000001 31.6),0.0
506,21.3,-99.0,31.6,287.2,14.0,14.0,19.325,2525358.3181875004,53.7517754776415,5.0,POINT (-99 31.6),0.0
507,22.2,-99.1,31.6,286.8,14.0,14.0,19.55,2525358.3181875004,53.68168822405588,5.0,POINT (-99.09999999999999 31.6),0.0
508,24.6,-99.2,31.6,286.7,14.0,14.0,20.15,2525358.3181875004,53.49609462143717,5.0,POINT (-99.2 31.6),0.0
509,27.0,-99.3,31.6,286.7,14.0,14.0,20.75,2525358.3181875004,53.31237076810858,5.0,POINT (-99.3 31.6),0.0
510,21.0,-99.4,31.6,286.5,13.0,13.0,18.25,2525358.3181875004,54.090402087465485,5.0,POINT (-99.40000000000001 31.6),0.0
511,24.0,-99.5,31.6,286.6,13.0,13.0,19.0,2525358.3181875004,53.853490185876666,5.0,POINT (-99.5 31.6),0.0
512,21.0,-99.6,31.6,286.8,14.0,14.0,19.25,2525358.3181875004,53.77519784107568,5.0,POINT (-99.59999999999999 31.6),0.0
513,25.0,-99.7,31.6,287.6,14.0,14.0,20.25,2525358.3181875004,53.46534513027027,5.0,POINT (-99.7 31.6),0.0
514,27.0,-99.8,31.6,287.0,14.0,14.0,20.75,2525358.3181875004,53.31237076810858,5.0,POINT (-99.8 31.6),0.0
515,23.0,-99.9,31.6,286.7,14.0,14.0,19.75,2525358.3181875004,53.61961365159163,5.0,POINT (-99.90000000000001 31.6),0.0
516,23.0,-100.0,31.6,286.6,13.0,13.0,18.75,2525358.3181875004,53.932119769040355,5.0,POINT (-100 31.6),0.0
517,25.0,-100.1,31.6,286.5,13.0,13.0,19.25,2525358.3181875004,53.77519784107568,5.0,POINT (-100.1 31.6),0.0
518,23.0,-100.2,31.6,286.4,13.0,13.0,18.75,2525358.3181875004,53.932119769040355,5.0,POINT (-100.2 31.6),0.0
519,26.0,-100.3,31.6,286.5,13.0,13.0,19.5,2525358.3181875004,53.69723992180827,5.0,POINT (-100.3 31.6),0.0
520,23.5,-100.4,31.6,287.0,14.0,14.0,19.875,2525358.3181875004,53.58092402700658,5.0,POINT (-100.4 31.6),0.0
521,24.0,-100.5,31.6,286.7,14.0,14.0,20.0,2525358.3181875004,53.5423162896469,5.0,POINT (-100.5 31.6),0.0
522,22.0,-100.6,31.6,286.4,13.0,13.0,18.5,2525358.3181875004,54.01108944039993,5.0,POINT (-100.6 31.6),0.0
523,21.0,-100.7,31.6,286.8,14.0,14.0,19.25,2525358.3181875004,53.77519784107568,5.0,POINT (-100.7 31.6),0.0
524,22.0,-100.8,31.6,286.9,14.0,14.0,19.5,2525358.3181875004,53.69723992180827,5.0,POINT (-100.8 31.6),0.0
525,18.0,-100.9,31.6,286.9,14.0,14.0,18.5,2525358.3181875004,54.01108944039993,5.0,POINT (-100.9 31.6),0.0
526,17.0,-101.0,31.6,286.8,14.0,14.0,18.25,2525358.3181875004,54.090402087465485,5.0,POINT (-101 31.6),0.0
527,24.5,-98.0,31.7,286.9,14.0,14.0,20.125,2525358.3181875004,53.50379010239083,5.0,POINT (-98 31.7),0.0
528,22.0,-98.1,31.7,287.1,14.0,14.0,19.5,2525358.3181875004,53.69723992180827,5.0,POINT (-98.09999999999999 31.7),0.0
529,28.0,-98.2,31.7,286.8,14.0,14.0,21.0,2525358.3181875004,53.236362323828715,5.0,POINT (-98.2 31.7),0.0
530,22.0,-98.3,31.7,286.7,14.0,14.0,19.5,2525358.3181875004,53.69723992180827,5.0,POINT (-98.3 31.7),0.0
531,25.0,-98.4,31.7,286.8,14.0,14.0,20.25,2525358.3181875004,53.46534513027027,5.0,POINT (-98.40000000000001 31.7),0.0
532,25.0,-98.5,31.7,287.0,14.0,14.0,20.25,2525358.3181875004,53.46534513027027,5.0,POINT (-98.5 31.7),0.0
533,23.0,-98.6,31.7,287.2,14.0,14.0,19.75,2525358.3181875004,53.61961365159163,5.0,POINT (-98.59999999999999 31.7),0.0
534,28.0,-98.7,31.7,286.9,14.0,14.0,21.0,2525358.3181875004,53.236362323828715,5.0,POINT (-98.7 31.7),0.0
535,28.7,-98.8,31.7,286.8,14.0,14.0,21.175,2525358.3181875004,53.18334441699301,5.0,POINT (-98.8 31.7),0.0
536,26.7,-98.9,31.7,287.0,14.0,14.0,20.675,2525358.3181875004,53.33523525005968,5.0,POINT (-98.90000000000001 31.7),0.0
537,22.0,-99.0,31.7,287.1,14.0,14.0,19.5,2525358.3181875004,53.69723992180827,5.0,POINT (-99 31.7),0.0
538,21.5,-99.1,31.7,286.9,14.0,14.0,19.375,2525358.3181875004,53.7361772526247,5.0,POINT (-99.09999999999999 31.7),0.0
539,21.0,-99.2,31.7,286.8,14.0,14.0,19.25,2525358.3181875004,53.77519784107568,5.0,POINT (-99.2 31.7),0.0
540,22.0,-99.3,31.7,286.9,14.0,14.0,19.5,2525358.3181875004,53.69723992180827,5.0,POINT (-99.3 31.7),0.0
541,23.0,-99.4,31.7,286.3,13.0,13.0,18.75,2525358.3181875004,53.932119769040355,5.0,POINT (-99.40000000000001 31.7),0.0
542,24.0,-99.5,31.7,286.2,13.0,13.0,19.0,2525358.3181875004,53.853490185876666,5.0,POINT (-99.5 31.7),0.0
543,22.0,-99.6,31.7,286.4,13.0,13.0,18.5,2525358.3181875004,54.01108944039993,5.0,POINT (-99.59999999999999 31.7),0.0
544,26.0,-99.7,31.7,286.6,13.0,13.0,19.5,2525358.3181875004,53.69723992180827,5.0,POINT (-99.7 31.7),0.0
545,29.0,-99.8,31.7,286.8,14.0,14.0,21.25,2525358.3181875004,53.16066959796472,5.0,POINT (-99.8 31.7),0.0
546,24.0,-99.9,31.7,286.7,14.0,14.0,20.0,2525358.3181875004,53.5423162896469,5.0,POINT (-99.90000000000001 31.7),0.0
547,23.0,-100.0,31.7,286.8,14.0,14.0,19.75,2525358.3181875004,53.61961365159163,5.0,POINT (-100 31.7),0.0
548,22.0,-100.1,31.7,286.9,14.0,14.0,19.5,2525358.3181875004,53.69723992180827,5.0,POINT (-100.1 31.7),0.0
549,26.0,-100.2,31.7,287.2,14.0,14.0,20.5,2525358.3181875004,53.38869750221861,5.0,POINT (-100.2 31.7),0.0
550,25.0,-100.3,31.7,287.3,14.0,14.0,20.25,2525358.3181875004,53.46534513027027,5.0,POINT (-100.3 31.7),0.0
551,24.0,-100.4,31.7,287.4,14.0,14.0,20.0,2525358.3181875004,53.5423162896469,5.0,POINT (-100.4 31.7),0.0
552,23.0,-100.5,31.7,287.0,14.0,14.0,19.75,2525358.3181875004,53.61961365159163,5.0,POINT (-100.5 31.7),0.0
553,7.0,-100.6,31.7,286.6,13.0,13.0,14.75,2525358.3181875004,55.238504480939376,5.0,POINT (-100.6 31.7),0.0
554,20.0,-100.7,31.7,286.6,13.0,13.0,18.0,2525358.3181875004,54.17006063611193,5.0,POINT (-100.7 31.7),0.0
555,19.0,-100.8,31.7,286.3,13.0,13.0,17.75,2525358.3181875004,54.25006805128358,5.0,POINT (-100.8 31.7),0.0
556,24.0,-100.9,31.7,286.6,13.0,13.0,19.0,2525358.3181875004,53.853490185876666,5.0,POINT (-100.9 31.7),0.0
557,24.0,-101.0,31.7,286.6,13.0,13.0,19.0,2525358.3181875004,53.853490185876666,5.0,POINT (-101 31.7),0.0
558,27.0,-98.0,31.8,287.0,14.0,14.0,20.75,2525358.3181875004,53.31237076810858,5.0,POINT (-98 31.8),0.0
559,28.0,-98.1,31.8,286.9,14.0,14.0,21.0,2525358.3181875004,53.236362323828715,5.0,POINT (-98.09999999999999 31.8),0.0
560,24.0,-98.2,31.8,287.0,14.0,14.0,20.0,2525358.3181875004,53.5423162896469,5.0,POINT (-98.2 31.8),0.0
561,19.0,-98.3,31.8,287.0,14.0,14.0,18.75,2525358.3181875004,53.932119769040355,5.0,POINT (-98.3 31.8),0.0
562,26.0,-98.4,31.8,287.2,14.0,14.0,20.5,2525358.3181875004,53.38869750221861,5.0,POINT (-98.40000000000001 31.8),0.0
563,24.0,-98.5,31.8,287.1,14.0,14.0,20.0,2525358.3181875004,53.5423162896469,5.0,POINT (-98.5 31.8),0.0
564,25.7,-98.6,31.8,286.9,14.0,14.0,20.425,2525358.3181875004,53.41165797741786,5.0,POINT (-98.59999999999999 31.8),0.0
565,31.0,-98.7,31.8,287.0,14.0,14.0,21.75,2525358.3181875004,53.0102211759503,5.0,POINT (-98.7 31.8),0.0
566,30.5,-98.8,31.8,286.7,14.0,14.0,21.625,2525358.3181875004,53.04771693517545,5.0,POINT (-98.8 31.8),0.0
567,30.0,-98.9,31.8,287.0,14.0,14.0,21.5,2525358.3181875004,53.0852900512369,5.0,POINT (-98.90000000000001 31.8),0.0
568,20.0,-99.0,31.8,287.0,14.0,14.0,19.0,2525358.3181875004,53.853490185876666,5.0,POINT (-99 31.8),0.0
569,18.0,-99.1,31.8,287.4,14.0,14.0,18.5,2525358.3181875004,54.01108944039993,5.0,POINT (-99.09999999999999 31.8),0.0
570,24.0,-99.2,31.8,287.2,14.0,14.0,20.0,2525358.3181875004,53.5423162896469,5.0,POINT (-99.2 31.8),0.0
571,23.0,-99.3,31.8,287.1,14.0,14.0,19.75,2525358.3181875004,53.61961365159163,5.0,POINT (-99.3 31.8),0.0
572,26.0,-99.4,31.8,286.6,13.0,13.0,19.5,2525358.3181875004,53.69723992180827,5.0,POINT (-99.40000000000001 31.8),0.0
573,24.0,-99.5,31.8,286.2,13.0,13.0,19.0,2525358.3181875004,53.853490185876666,5.0,POINT (-99.5 31.8),0.0
574,23.0,-99.6,31.8,286.7,14.0,14.0,19.75,2525358.3181875004,53.61961365159163,5.0,POINT (-99.59999999999999 31.8),0.0
575,23.0,-99.7,31.8,286.7,14.0,14.0,19.75,2525358.3181875004,53.61961365159163,5.0,POINT (-99.7 31.8),0.0
576,24.0,-99.8,31.8,286.5,13.0,13.0,19.0,2525358.3181875004,53.853490185876666,5.0,POINT (-99.8 31.8),0.0
577,19.0,-99.9,31.8,286.7,14.0,14.0,18.75,2525358.3181875004,53.932119769040355,5.0,POINT (-99.90000000000001 31.8),0.0
578,24.0,-100.0,31.8,286.7,14.0,14.0,20.0,2525358.3181875004,53.5423162896469,5.0,POINT (-100 31.8),0.0
579,24.0,-100.1,31.8,286.7,14.0,14.0,20.0,2525358.3181875004,53.5423162896469,5.0,POINT (-100.1 31.8),0.0
580,25.0,-100.2,31.8,286.9,14.0,14.0,20.25,2525358.3181875004,53.46534513027027,5.0,POINT (-100.2 31.8),0.0
581,24.0,-100.3,31.8,287.6,14.0,14.0,20.0,2525358.3181875004,53.5423162896469,5.0,POINT (-100.3 31.8),0.0
582,24.0,-100.4,31.8,287.9,15.0,15.0,21.0,2525358.3181875004,53.236362323828715,5.0,POINT (-100.4 31.8),0.0
583,19.0,-100.5,31.8,287.6,14.0,14.0,18.75,2525358.3181875004,53.932119769040355,5.0,POINT (-100.5 31.8),0.0
584,24.0,-100.6,31.8,287.1,14.0,14.0,20.0,2525358.3181875004,53.5423162896469,5.0,POINT (-100.6 31.8),0.0
585,16.0,-100.7,31.8,286.6,13.0,13.0,17.0,2525358.3181875004,54.492213746685124,5.0,POINT (-100.7 31.8),0.0
586,16.0,-100.8,31.8,286.5,13.0,13.0,17.0,2525358.3181875004,54.492213746685124,5.0,POINT (-100.8 31.8),0.0
587,17.0,-100.9,31.8,286.4,13.0,13.0,17.25,2525358.3181875004,54.41114154066701,5.0,POINT (-100.9 31.8),0.0
588,24.0,-101.0,31.8,286.5,13.0,13.0,19.0,2525358.3181875004,53.853490185876666,5.0,POINT (-101 31.8),0.0
589,25.0,-98.0,31.9,287.1,14.0,14.0,20.25,2525358.3181875004,53.46534513027027,5.0,POINT (-98 31.9),0.0
590,25.0,-98.1,31.9,286.8,14.0,14.0,20.25,2525358.3181875004,53.46534513027027,5.0,POINT (-98.09999999999999 31.9),0.0
591,24.0,-98.2,31.9,287.0,14.0,14.0,20.0,2525358.3181875004,53.5423162896469,5.0,POINT (-98.2 31.9),0.0
592,23.0,-98.3,31.9,286.6,13.0,13.0,18.75,2525358.3181875004,53.932119769040355,5.0,POINT (-98.3 31.9),0.0
593,23.0,-98.4,31.9,286.4,13.0,13.0,18.75,2525358.3181875004,53.932119769040355,5.0,POINT (-98.40000000000001 31.9),0.0
594,23.0,-98.5,31.9,286.4,13.0,13.0,18.75,2525358.3181875004,53.932119769040355,5.0,POINT (-98.5 31.9),0.0
595,29.0,-98.6,31.9,286.7,14.0,14.0,21.25,2525358.3181875004,53.16066959796472,5.0,POINT (-98.59999999999999 31.9),0.0
596,28.5,-98.7,31.9,287.2,14.0,14.0,21.125,2525358.3181875004,53.198476655546386,5.0,POINT (-98.7 31.9),0.0
597,22.0,-98.8,31.9,287.1,14.0,14.0,19.5,2525358.3181875004,53.69723992180827,5.0,POINT (-98.8 31.9),0.0
598,30.0,-98.9,31.9,287.0,14.0,14.0,21.5,2525358.3181875004,53.0852900512369,5.0,POINT (-98.90000000000001 31.9),0.0
599,18.0,-99.0,31.9,287.0,14.0,14.0,18.5,2525358.3181875004,54.01108944039993,5.0,POINT (-99 31.9),0.0
600,22.0,-99.1,31.9,286.8,14.0,14.0,19.5,2525358.3181875004,53.69723992180827,5.0,POINT (-99.09999999999999 31.9),0.0
601,23.0,-99.2,31.9,286.8,14.0,14.0,19.75,2525358.3181875004,53.61961365159163,5.0,POINT (-99.2 31.9),0.0
602,21.0,-99.3,31.9,286.4,13.0,13.0,18.25,2525358.3181875004,54.090402087465485,5.0,POINT (-99.3 31.9),0.0
603,28.0,-99.4,31.9,286.3,13.0,13.0,20.0,2525358.3181875004,53.5423162896469,5.0,POINT (-99.40000000000001 31.9),0.0
604,21.0,-99.5,31.9,286.3,13.0,13.0,18.25,2525358.3181875004,54.090402087465485,5.0,POINT (-99.5 31.9),0.0
605,25.0,-99.6,31.9,286.6,13.0,13.0,19.25,2525358.3181875004,53.77519784107568,5.0,POINT (-99.59999999999999 31.9),0.0
606,25.0,-99.7,31.9,287.0,14.0,14.0,20.25,2525358.3181875004,53.46534513027027,5.0,POINT (-99.7 31.9),0.0
607,26.0,-99.8,31.9,286.5,13.0,13.0,19.5,2525358.3181875004,53.69723992180827,5.0,POINT (-99.8 31.9),0.0
608,25.5,-99.9,31.9,286.2,13.0,13.0,19.375,2525358.3181875004,53.7361772526247,5.0,POINT (-99.90000000000001 31.9),0.0
609,25.0,-100.0,31.9,286.0,13.0,13.0,19.25,2525358.3181875004,53.77519784107568,5.0,POINT (-100 31.9),0.0
610,24.0,-100.1,31.9,286.2,13.0,13.0,19.0,2525358.3181875004,53.853490185876666,5.0,POINT (-100.1 31.9),0.0
611,25.0,-100.2,31.9,286.6,13.0,13.0,19.25,2525358.3181875004,53.77519784107568,5.0,POINT (-100.2 31.9),0.0
612,26.0,-100.3,31.9,286.9,14.0,14.0,20.5,2525358.3181875004,53.38869750221861,5.0,POINT (-100.3 31.9),0.0
613,21.0,-100.4,31.9,287.2,14.0,14.0,19.25,2525358.3181875004,53.77519784107568,5.0,POINT (-100.4 31.9),0.0
614,24.0,-100.5,31.9,287.3,14.0,14.0,20.0,2525358.3181875004,53.5423162896469,5.0,POINT (-100.5 31.9),0.0
615,24.0,-100.6,31.9,287.5,14.0,14.0,20.0,2525358.3181875004,53.5423162896469,5.0,POINT (-100.6 31.9),0.0
616,19.0,-100.7,31.9,287.9,15.0,15.0,19.75,2525358.3181875004,53.61961365159163,5.0,POINT (-100.7 31.9),0.0
617,17.0,-100.8,31.9,286.7,14.0,14.0,18.25,2525358.3181875004,54.090402087465485,5.0,POINT (-100.8 31.9),0.0
618,19.0,-100.9,31.9,286.6,13.0,13.0,17.75,2525358.3181875004,54.25006805128358,5.0,POINT (-100.9 31.9),0.0
619,20.0,-101.0,31.9,286.7,14.0,14.0,19.0,2525358.3181875004,53.853490185876666,5.0,POINT (-101 31.9),0.0
620,23.0,-98.0,32.0,287.0,14.0,14.0,19.75,2525358.3181875004,53.61961365159163,5.0,POINT (-98 32),0.0
621,26.7,-98.1,32.0,286.9,14.0,14.0,20.675,2525358.3181875004,53.33523525005968,5.0,POINT (-98.09999999999999 32),0.0
622,30.5,-98.2,32.0,286.8,14.0,14.0,21.625,2525358.3181875004,53.04771693517545,5.0,POINT (-98.2 32),0.0
623,25.0,-98.3,32.0,286.4,13.0,13.0,19.25,2525358.3181875004,53.77519784107568,5.0,POINT (-98.3 32),0.0
624,22.5,-98.4,32.0,286.7,14.0,14.0,19.625,2525358.3181875004,53.65838550269664,5.0,POINT (-98.40000000000001 32),0.0
625,20.0,-98.5,32.0,286.9,14.0,14.0,19.0,2525358.3181875004,53.853490185876666,5.0,POINT (-98.5 32),0.0
626,33.0,-98.6,32.0,286.4,13.0,13.0,21.25,2525358.3181875004,53.16066959796472,5.0,POINT (-98.59999999999999 32),0.0
627,26.0,-98.7,32.0,286.4,13.0,13.0,19.5,2525358.3181875004,53.69723992180827,5.0,POINT (-98.7 32),0.0
628,20.0,-98.8,32.0,286.9,14.0,14.0,19.0,2525358.3181875004,53.853490185876666,5.0,POINT (-98.8 32),0.0
629,22.0,-98.9,32.0,287.1,14.0,14.0,19.5,2525358.3181875004,53.69723992180827,5.0,POINT (-98.90000000000001 32),0.0
630,24.0,-99.0,32.0,286.5,13.0,13.0,19.0,2525358.3181875004,53.853490185876666,5.0,POINT (-99 32),0.0
631,24.0,-99.1,32.0,286.6,13.0,13.0,19.0,2525358.3181875004,53.853490185876666,5.0,POINT (-99.09999999999999 32),0.0
632,22.0,-99.2,32.0,286.6,13.0,13.0,18.5,2525358.3181875004,54.01108944039993,5.0,POINT (-99.2 32),0.0
633,26.0,-99.3,32.0,286.1,13.0,13.0,19.5,2525358.3181875004,53.69723992180827,5.0,POINT (-99.3 32),0.0
634,24.0,-99.4,32.0,285.6,12.0,12.0,18.0,2525358.3181875004,54.17006063611193,5.0,POINT (-99.40000000000001 32),0.0
635,22.0,-99.5,32.0,286.6,13.0,13.0,18.5,2525358.3181875004,54.01108944039993,5.0,POINT (-99.5 32),0.0
636,24.0,-99.6,32.0,286.7,14.0,14.0,20.0,2525358.3181875004,53.5423162896469,5.0,POINT (-99.59999999999999 32),0.0
637,23.0,-99.7,32.0,287.0,14.0,14.0,19.75,2525358.3181875004,53.61961365159163,5.0,POINT (-99.7 32),0.0
638,24.0,-99.8,32.0,287.0,14.0,14.0,20.0,2525358.3181875004,53.5423162896469,5.0,POINT (-99.8 32),0.0
639,25.0,-99.9,32.0,286.3,13.0,13.0,19.25,2525358.3181875004,53.77519784107568,5.0,POINT (-99.90000000000001 32),0.0
640,24.0,-100.0,32.0,285.5,12.0,12.0,18.0,2525358.3181875004,54.17006063611193,5.0,POINT (-100 32),0.0
641,24.0,-100.1,32.0,285.6,12.0,12.0,18.0,2525358.3181875004,54.17006063611193,5.0,POINT (-100.1 32),0.0
642,24.0,-100.2,32.0,286.2,13.0,13.0,19.0,2525358.3181875004,53.853490185876666,5.0,POINT (-100.2 32),0.0
643,24.0,-100.3,32.0,286.9,14.0,14.0,20.0,2525358.3181875004,53.5423162896469,5.0,POINT (-100.3 32),0.0
644,22.0,-100.4,32.0,287.2,14.0,14.0,19.5,2525358.3181875004,53.69723992180827,5.0,POINT (-100.4 32),0.0
645,24.0,-100.5,32.0,287.4,14.0,14.0,20.0,2525358.3181875004,53.5423162896469,5.0,POINT (-100.5 32),0.0
646,21.5,-100.6,32.0,287.3,14.0,14.0,19.375,2525358.3181875004,53.7361772526247,5.0,POINT (-100.6 32),0.0
647,19.0,-100.7,32.0,287.8,15.0,15.0,19.75,2525358.3181875004,53.61961365159163,5.0,POINT (-100.7 32),0.0
648,17.0,-100.8,32.0,288.3,15.0,15.0,19.25,2525358.3181875004,53.77519784107568,5.0,POINT (-100.8 32),0.0
649,15.0,-100.9,32.0,287.6,14.0,14.0,17.75,2525358.3181875004,54.25006805128358,5.0,POINT (-100.9 32),0.0
650,23.0,-101.0,32.0,286.8,14.0,14.0,19.75,2525358.3181875004,53.61961365159163,5.0,POINT (-101 32),0.0
